Date,rolling_vol,vol_mean,vol_threshold,high_vol
2019-01-02 23:00:00+00:00,,0.16655060361334176,0.3755558789720662,False
2019-01-03 23:00:00+00:00,,0.16655060361334176,0.3755558789720662,False
2019-01-06 23:00:00+00:00,,0.16655060361334176,0.3755558789720662,False
2019-01-07 23:00:00+00:00,,0.16655060361334176,0.3755558789720662,False
2019-01-08 23:00:00+00:00,,0.16655060361334176,0.3755558789720662,False
2019-01-09 23:00:00+00:00,,0.16655060361334176,0.3755558789720662,False
2019-01-10 23:00:00+00:00,,0.16655060361334176,0.3755558789720662,False
2019-01-13 23:00:00+00:00,,0.16655060361334176,0.3755558789720662,False
2019-01-14 23:00:00+00:00,,0.16655060361334176,0.3755558789720662,False
2019-01-15 23:00:00+00:00,,0.16655060361334176,0.3755558789720662,False
2019-01-16 23:00:00+00:00,,0.16655060361334176,0.3755558789720662,False
2019-01-17 23:00:00+00:00,,0.16655060361334176,0.3755558789720662,False
2019-01-20 23:00:00+00:00,,0.16655060361334176,0.3755558789720662,False
2019-01-21 23:00:00+00:00,,0.16655060361334176,0.3755558789720662,False
2019-01-22 23:00:00+00:00,,0.16655060361334176,0.3755558789720662,False
2019-01-23 23:00:00+00:00,,0.16655060361334176,0.3755558789720662,False
2019-01-24 23:00:00+00:00,,0.16655060361334176,0.3755558789720662,False
2019-01-27 23:00:00+00:00,,0.16655060361334176,0.3755558789720662,False
2019-01-28 23:00:00+00:00,,0.16655060361334176,0.3755558789720662,False
2019-01-29 23:00:00+00:00,0.1587438823385194,0.16655060361334176,0.3755558789720662,False
2019-01-30 23:00:00+00:00,0.14440488300063928,0.16655060361334176,0.3755558789720662,False
2019-01-31 23:00:00+00:00,0.11247289664172314,0.16655060361334176,0.3755558789720662,False
2019-02-03 23:00:00+00:00,0.11465812266801428,0.16655060361334176,0.3755558789720662,False
2019-02-04 23:00:00+00:00,0.12344259439012818,0.16655060361334176,0.3755558789720662,False
2019-02-05 23:00:00+00:00,0.12134742284673149,0.16655060361334176,0.3755558789720662,False
2019-02-06 23:00:00+00:00,0.15174973155856505,0.16655060361334176,0.3755558789720662,False
2019-02-07 23:00:00+00:00,0.15597550941361316,0.16655060361334176,0.3755558789720662,False
2019-02-12 23:00:00+00:00,0.15581320096242787,0.16655060361334176,0.3755558789720662,False
2019-02-13 23:00:00+00:00,0.15599602072345528,0.16655060361334176,0.3755558789720662,False
2019-02-14 23:00:00+00:00,0.16694861030860114,0.16655060361334176,0.3755558789720662,False
2019-02-17 23:00:00+00:00,0.16613861420163017,0.16655060361334176,0.3755558789720662,False
2019-02-18 23:00:00+00:00,0.15244494375820655,0.16655060361334176,0.3755558789720662,False
2019-02-19 23:00:00+00:00,0.1529485752917311,0.16655060361334176,0.3755558789720662,False
2019-02-20 23:00:00+00:00,0.15067674621256588,0.16655060361334176,0.3755558789720662,False
2019-02-21 23:00:00+00:00,0.15058100866833352,0.16655060361334176,0.3755558789720662,False
2019-02-24 23:00:00+00:00,0.14951142954015678,0.16655060361334176,0.3755558789720662,False
2019-02-25 23:00:00+00:00,0.14127753547537297,0.16655060361334176,0.3755558789720662,False
2019-02-26 23:00:00+00:00,0.1391911745987637,0.16655060361334176,0.3755558789720662,False
2019-02-27 23:00:00+00:00,0.1390487877260472,0.16655060361334176,0.3755558789720662,False
2019-02-28 23:00:00+00:00,0.13958889333907287,0.16655060361334176,0.3755558789720662,False
2019-03-03 23:00:00+00:00,0.13925450461741468,0.16655060361334176,0.3755558789720662,False
2019-03-06 23:00:00+00:00,0.14121217793199303,0.16655060361334176,0.3755558789720662,False
2019-03-07 23:00:00+00:00,0.14250780740365993,0.16655060361334176,0.3755558789720662,False
2019-03-12 23:00:00+00:00,0.1300826280318184,0.16655060361334176,0.3755558789720662,False
2019-03-13 23:00:00+00:00,0.1312024242481668,0.16655060361334176,0.3755558789720662,False
2019-03-14 23:00:00+00:00,0.10111072312642028,0.16655060361334176,0.3755558789720662,False
2019-03-17 23:00:00+00:00,0.09118833829724209,0.16655060361334176,0.3755558789720662,False
2019-03-18 23:00:00+00:00,0.09142717006652552,0.16655060361334176,0.3755558789720662,False
2019-03-19 23:00:00+00:00,0.10069377278207642,0.16655060361334176,0.3755558789720662,False
2019-03-20 23:00:00+00:00,0.0813073714524304,0.16655060361334176,0.3755558789720662,False
2019-03-21 23:00:00+00:00,0.10530453240342678,0.16655060361334176,0.3755558789720662,False
2019-03-26 23:00:00+00:00,0.10521166534599208,0.16655060361334176,0.3755558789720662,False
2019-03-27 23:00:00+00:00,0.10125506561096093,0.16655060361334176,0.3755558789720662,False
2019-03-28 23:00:00+00:00,0.10790718573455943,0.16655060361334176,0.3755558789720662,False
2019-03-31 22:00:00+00:00,0.1180673116405183,0.16655060361334176,0.3755558789720662,False
2019-04-01 22:00:00+00:00,0.11816912648957298,0.16655060361334176,0.3755558789720662,False
2019-04-02 22:00:00+00:00,0.12684524772212039,0.16655060361334176,0.3755558789720662,False
2019-04-03 22:00:00+00:00,0.1251388505747413,0.16655060361334176,0.3755558789720662,False
2019-04-04 22:00:00+00:00,0.1249570571109913,0.16655060361334176,0.3755558789720662,False
2019-04-07 22:00:00+00:00,0.1244047466810721,0.16655060361334176,0.3755558789720662,False
2019-04-08 22:00:00+00:00,0.12775831317125017,0.16655060361334176,0.3755558789720662,False
2019-04-09 22:00:00+00:00,0.12534472647035352,0.16655060361334176,0.3755558789720662,False
2019-04-10 22:00:00+00:00,0.12253855459251023,0.16655060361334176,0.3755558789720662,False
2019-04-11 22:00:00+00:00,0.12353620055842748,0.16655060361334176,0.3755558789720662,False
2019-04-14 22:00:00+00:00,0.12299982850106629,0.16655060361334176,0.3755558789720662,False
2019-04-15 22:00:00+00:00,0.12111928991773614,0.16655060361334176,0.3755558789720662,False
2019-04-16 22:00:00+00:00,0.1213489081204597,0.16655060361334176,0.3755558789720662,False
2019-04-17 22:00:00+00:00,0.12057964027755666,0.16655060361334176,0.3755558789720662,False
2019-04-22 22:00:00+00:00,0.11247966076599598,0.16655060361334176,0.3755558789720662,False
2019-04-23 22:00:00+00:00,0.11228458367142476,0.16655060361334176,0.3755558789720662,False
2019-04-24 22:00:00+00:00,0.0874214243215881,0.16655060361334176,0.3755558789720662,False
2019-05-01 22:00:00+00:00,0.08937816765524219,0.16655060361334176,0.3755558789720662,False
2019-05-02 22:00:00+00:00,0.08719515613652137,0.16655060361334176,0.3755558789720662,False
2019-05-05 22:00:00+00:00,0.0959139588673348,0.16655060361334176,0.3755558789720662,False
2019-05-06 22:00:00+00:00,0.09676635150209263,0.16655060361334176,0.3755558789720662,False
2019-05-07 22:00:00+00:00,0.0956533132950426,0.16655060361334176,0.3755558789720662,False
2019-05-08 22:00:00+00:00,0.10306077608098853,0.16655060361334176,0.3755558789720662,False
2019-05-09 22:00:00+00:00,0.1041711466965467,0.16655060361334176,0.3755558789720662,False
2019-05-12 22:00:00+00:00,0.11510047661739808,0.16655060361334176,0.3755558789720662,False
2019-05-13 22:00:00+00:00,0.12378331665411124,0.16655060361334176,0.3755558789720662,False
2019-05-14 22:00:00+00:00,0.1252514435622144,0.16655060361334176,0.3755558789720662,False
2019-05-15 22:00:00+00:00,0.13174089211233844,0.16655060361334176,0.3755558789720662,False
2019-05-16 22:00:00+00:00,0.13161108953739128,0.16655060361334176,0.3755558789720662,False
2019-05-19 22:00:00+00:00,0.13863894043407263,0.16655060361334176,0.3755558789720662,False
2019-05-20 22:00:00+00:00,0.14171325438124316,0.16655060361334176,0.3755558789720662,False
2019-05-21 22:00:00+00:00,0.138722472184208,0.16655060361334176,0.3755558789720662,False
2019-05-22 22:00:00+00:00,0.14957985118495273,0.16655060361334176,0.3755558789720662,False
2019-05-23 22:00:00+00:00,0.1507416612444945,0.16655060361334176,0.3755558789720662,False
2019-05-26 22:00:00+00:00,0.15409740913351497,0.16655060361334176,0.3755558789720662,False
2019-05-27 22:00:00+00:00,0.15410419809876036,0.16655060361334176,0.3755558789720662,False
2019-05-28 22:00:00+00:00,0.15997246195144119,0.16655060361334176,0.3755558789720662,False
2019-05-29 22:00:00+00:00,0.1628479241637068,0.16655060361334176,0.3755558789720662,False
2019-05-30 22:00:00+00:00,0.16376825541725984,0.16655060361334176,0.3755558789720662,False
2019-06-02 22:00:00+00:00,0.16251794218399843,0.16655060361334176,0.3755558789720662,False
2019-06-03 22:00:00+00:00,0.16487717356705084,0.16655060361334176,0.3755558789720662,False
2019-06-04 22:00:00+00:00,0.16479732711885342,0.16655060361334176,0.3755558789720662,False
2019-06-05 22:00:00+00:00,0.15360582768140774,0.16655060361334176,0.3755558789720662,False
2019-06-06 22:00:00+00:00,0.1587131393279677,0.16655060361334176,0.3755558789720662,False
2019-06-11 22:00:00+00:00,0.14997565758140205,0.16655060361334176,0.3755558789720662,False
2019-06-12 22:00:00+00:00,0.14453468376800813,0.16655060361334176,0.3755558789720662,False
2019-06-13 22:00:00+00:00,0.1423702611649167,0.16655060361334176,0.3755558789720662,False
2019-06-18 22:00:00+00:00,0.13511050175905864,0.16655060361334176,0.3755558789720662,False
2019-06-19 22:00:00+00:00,0.13480414229293386,0.16655060361334176,0.3755558789720662,False
2019-06-20 22:00:00+00:00,0.1240748783356486,0.16655060361334176,0.3755558789720662,False
2019-06-23 22:00:00+00:00,0.12105535534165143,0.16655060361334176,0.3755558789720662,False
2019-06-24 22:00:00+00:00,0.12115262330730366,0.16655060361334176,0.3755558789720662,False
2019-06-25 22:00:00+00:00,0.101155272537089,0.16655060361334176,0.3755558789720662,False
2019-06-26 22:00:00+00:00,0.09953130842315099,0.16655060361334176,0.3755558789720662,False
2019-06-27 22:00:00+00:00,0.10218074117046919,0.16655060361334176,0.3755558789720662,False
2019-06-30 22:00:00+00:00,0.1047952455448565,0.16655060361334176,0.3755558789720662,False
2019-07-01 22:00:00+00:00,0.08875537107197014,0.16655060361334176,0.3755558789720662,False
2019-07-02 22:00:00+00:00,0.09011670587726076,0.16655060361334176,0.3755558789720662,False
2019-07-03 22:00:00+00:00,0.07978074848613223,0.16655060361334176,0.3755558789720662,False
2019-07-04 22:00:00+00:00,0.08337690819323422,0.16655060361334176,0.3755558789720662,False
2019-07-07 22:00:00+00:00,0.07713491070892263,0.16655060361334176,0.3755558789720662,False
2019-07-08 22:00:00+00:00,0.08255163966678646,0.16655060361334176,0.3755558789720662,False
2019-07-09 22:00:00+00:00,0.08073855833037782,0.16655060361334176,0.3755558789720662,False
2019-07-10 22:00:00+00:00,0.07091916658505718,0.16655060361334176,0.3755558789720662,False
2019-07-11 22:00:00+00:00,0.07016922856832969,0.16655060361334176,0.3755558789720662,False
2019-07-14 22:00:00+00:00,0.07129767045172475,0.16655060361334176,0.3755558789720662,False
2019-07-15 22:00:00+00:00,0.07228567584679879,0.16655060361334176,0.3755558789720662,False
2019-07-16 22:00:00+00:00,0.07664380132864261,0.16655060361334176,0.3755558789720662,False
2019-07-17 22:00:00+00:00,0.0782026774305215,0.16655060361334176,0.3755558789720662,False
2019-07-18 22:00:00+00:00,0.07772928164099378,0.16655060361334176,0.3755558789720662,False
2019-07-21 22:00:00+00:00,0.07703133645124917,0.16655060361334176,0.3755558789720662,False
2019-07-22 22:00:00+00:00,0.08687570250694447,0.16655060361334176,0.3755558789720662,False
2019-07-23 22:00:00+00:00,0.08680953758935184,0.16655060361334176,0.3755558789720662,False
2019-07-24 22:00:00+00:00,0.09079895622641172,0.16655060361334176,0.3755558789720662,False
2019-07-25 22:00:00+00:00,0.08807794136790953,0.16655060361334176,0.3755558789720662,False
2019-07-28 22:00:00+00:00,0.08532984392070145,0.16655060361334176,0.3755558789720662,False
2019-07-29 22:00:00+00:00,0.1084606866463199,0.16655060361334176,0.3755558789720662,False
2019-07-30 22:00:00+00:00,0.10502694886068718,0.16655060361334176,0.3755558789720662,False
2019-07-31 22:00:00+00:00,0.108593841056022,0.16655060361334176,0.3755558789720662,False
2019-08-01 22:00:00+00:00,0.1513282656203776,0.16655060361334176,0.3755558789720662,False
2019-08-04 22:00:00+00:00,0.16519410173928822,0.16655060361334176,0.3755558789720662,False
2019-08-05 22:00:00+00:00,0.1641251681453503,0.16655060361334176,0.3755558789720662,False
2019-08-06 22:00:00+00:00,0.16633761895176297,0.16655060361334176,0.3755558789720662,False
2019-08-07 22:00:00+00:00,0.18258509686069668,0.16655060361334176,0.3755558789720662,False
2019-08-08 22:00:00+00:00,0.18573462273343286,0.16655060361334176,0.3755558789720662,False
2019-08-11 22:00:00+00:00,0.18461080975586305,0.16655060361334176,0.3755558789720662,False
2019-08-12 22:00:00+00:00,0.18455132328806073,0.16655060361334176,0.3755558789720662,False
2019-08-13 22:00:00+00:00,0.19610195861098728,0.16655060361334176,0.3755558789720662,False
2019-08-18 22:00:00+00:00,0.2034804316631455,0.16655060361334176,0.3755558789720662,False
2019-08-19 22:00:00+00:00,0.20373856366411747,0.16655060361334176,0.3755558789720662,False
2019-08-20 22:00:00+00:00,0.2117634254161273,0.16655060361334176,0.3755558789720662,False
2019-08-21 22:00:00+00:00,0.20499218217103074,0.16655060361334176,0.3755558789720662,False
2019-08-22 22:00:00+00:00,0.20633894868355593,0.16655060361334176,0.3755558789720662,False
2019-08-25 22:00:00+00:00,0.20748271518720388,0.16655060361334176,0.3755558789720662,False
2019-08-26 22:00:00+00:00,0.20694863815221334,0.16655060361334176,0.3755558789720662,False
2019-08-27 22:00:00+00:00,0.20695731508443593,0.16655060361334176,0.3755558789720662,False
2019-08-28 22:00:00+00:00,0.20673795666078143,0.16655060361334176,0.3755558789720662,False
2019-08-29 22:00:00+00:00,0.20916679076236155,0.16655060361334176,0.3755558789720662,False
2019-09-01 22:00:00+00:00,0.20712682197208065,0.16655060361334176,0.3755558789720662,False
2019-09-02 22:00:00+00:00,0.1770544214617355,0.16655060361334176,0.3755558789720662,False
2019-09-03 22:00:00+00:00,0.1641626605261767,0.16655060361334176,0.3755558789720662,False
2019-09-04 22:00:00+00:00,0.16584809002014925,0.16655060361334176,0.3755558789720662,False
2019-09-05 22:00:00+00:00,0.1655342247695107,0.16655060361334176,0.3755558789720662,False
2019-09-08 22:00:00+00:00,0.15285732944439828,0.16655060361334176,0.3755558789720662,False
2019-09-09 22:00:00+00:00,0.14450048719940126,0.16655060361334176,0.3755558789720662,False
2019-09-10 22:00:00+00:00,0.14319668385915407,0.16655060361334176,0.3755558789720662,False
2019-09-11 22:00:00+00:00,0.1424418180941166,0.16655060361334176,0.3755558789720662,False
2019-09-12 22:00:00+00:00,0.11227983710119127,0.16655060361334176,0.3755558789720662,False
2019-09-15 22:00:00+00:00,0.11556165832419416,0.16655060361334176,0.3755558789720662,False
2019-09-16 22:00:00+00:00,0.11131801441691888,0.16655060361334176,0.3755558789720662,False
2019-09-17 22:00:00+00:00,0.10277346873308475,0.16655060361334176,0.3755558789720662,False
2019-09-18 22:00:00+00:00,0.10071838550872418,0.16655060361334176,0.3755558789720662,False
2019-09-19 22:00:00+00:00,0.08814033787345599,0.16655060361334176,0.3755558789720662,False
2019-09-22 22:00:00+00:00,0.1003620574443359,0.16655060361334176,0.3755558789720662,False
2019-09-23 22:00:00+00:00,0.1012830352987208,0.16655060361334176,0.3755558789720662,False
2019-09-24 22:00:00+00:00,0.10407322883722185,0.16655060361334176,0.3755558789720662,False
2019-09-25 22:00:00+00:00,0.09470737028370559,0.16655060361334176,0.3755558789720662,False
2019-09-26 22:00:00+00:00,0.09322437692353232,0.16655060361334176,0.3755558789720662,False
2019-09-29 22:00:00+00:00,0.09382527103887675,0.16655060361334176,0.3755558789720662,False
2019-09-30 22:00:00+00:00,0.10197089166565826,0.16655060361334176,0.3755558789720662,False
2019-10-01 22:00:00+00:00,0.14108158937336476,0.16655060361334176,0.3755558789720662,False
2019-10-06 22:00:00+00:00,0.1369165297501306,0.16655060361334176,0.3755558789720662,False
2019-10-07 22:00:00+00:00,0.14182089882450938,0.16655060361334176,0.3755558789720662,False
2019-10-08 22:00:00+00:00,0.14473601915967815,0.16655060361334176,0.3755558789720662,False
2019-10-09 22:00:00+00:00,0.1491105735544205,0.16655060361334176,0.3755558789720662,False
2019-10-10 22:00:00+00:00,0.16568123762346937,0.16655060361334176,0.3755558789720662,False
2019-10-13 22:00:00+00:00,0.16494279282410612,0.16655060361334176,0.3755558789720662,False
2019-10-14 22:00:00+00:00,0.1693933166010145,0.16655060361334176,0.3755558789720662,False
2019-10-15 22:00:00+00:00,0.16636263879627783,0.16655060361334176,0.3755558789720662,False
2019-10-16 22:00:00+00:00,0.16655972354479817,0.16655060361334176,0.3755558789720662,False
2019-10-17 22:00:00+00:00,0.1676052962917211,0.16655060361334176,0.3755558789720662,False
2019-10-20 22:00:00+00:00,0.16631072012222262,0.16655060361334176,0.3755558789720662,False
2019-10-21 22:00:00+00:00,0.16636646635408425,0.16655060361334176,0.3755558789720662,False
2019-10-22 22:00:00+00:00,0.1622089541074622,0.16655060361334176,0.3755558789720662,False
2019-10-23 22:00:00+00:00,0.1625708469164787,0.16655060361334176,0.3755558789720662,False
2019-10-24 22:00:00+00:00,0.16084933722921338,0.16655060361334176,0.3755558789720662,False
2019-10-27 23:00:00+00:00,0.16037004985770406,0.16655060361334176,0.3755558789720662,False
2019-10-28 23:00:00+00:00,0.15905962188756312,0.16655060361334176,0.3755558789720662,False
2019-10-29 23:00:00+00:00,0.1587840222821898,0.16655060361334176,0.3755558789720662,False
2019-10-30 23:00:00+00:00,0.15413033750027094,0.16655060361334176,0.3755558789720662,False
2019-10-31 23:00:00+00:00,0.11022996140796038,0.16655060361334176,0.3755558789720662,False
2019-11-03 23:00:00+00:00,0.11383505949316175,0.16655060361334176,0.3755558789720662,False
2019-11-04 23:00:00+00:00,0.0991485946597147,0.16655060361334176,0.3755558789720662,False
2019-11-05 23:00:00+00:00,0.09826544919525915,0.16655060361334176,0.3755558789720662,False
2019-11-06 23:00:00+00:00,0.09551510286937719,0.16655060361334176,0.3755558789720662,False
2019-11-07 23:00:00+00:00,0.07308636895978082,0.16655060361334176,0.3755558789720662,False
2019-11-10 23:00:00+00:00,0.07303161705496451,0.16655060361334176,0.3755558789720662,False
2019-11-11 23:00:00+00:00,0.06430963266801837,0.16655060361334176,0.3755558789720662,False
2019-11-12 23:00:00+00:00,0.06850643362985331,0.16655060361334176,0.3755558789720662,False
2019-11-13 23:00:00+00:00,0.06812333010640097,0.16655060361334176,0.3755558789720662,False
2019-11-14 23:00:00+00:00,0.06636509086778686,0.16655060361334176,0.3755558789720662,False
2019-11-17 23:00:00+00:00,0.06742085308804915,0.16655060361334176,0.3755558789720662,False
2019-11-18 23:00:00+00:00,0.06782037056955009,0.16655060361334176,0.3755558789720662,False
2019-11-19 23:00:00+00:00,0.06915211410209497,0.16655060361334176,0.3755558789720662,False
2019-11-20 23:00:00+00:00,0.07061481053353134,0.16655060361334176,0.3755558789720662,False
2019-11-21 23:00:00+00:00,0.07001637358591267,0.16655060361334176,0.3755558789720662,False
2019-11-24 23:00:00+00:00,0.07158002778248676,0.16655060361334176,0.3755558789720662,False
2019-11-25 23:00:00+00:00,0.071518959536967,0.16655060361334176,0.3755558789720662,False
2019-11-26 23:00:00+00:00,0.07008743248660268,0.16655060361334176,0.3755558789720662,False
2019-11-27 23:00:00+00:00,0.06910148319503669,0.16655060361334176,0.3755558789720662,False
2019-11-28 23:00:00+00:00,0.06531711976095234,0.16655060361334176,0.3755558789720662,False
2019-12-01 23:00:00+00:00,0.08544173343949088,0.16655060361334176,0.3755558789720662,False
2019-12-02 23:00:00+00:00,0.08605755066099154,0.16655060361334176,0.3755558789720662,False
2019-12-03 23:00:00+00:00,0.09448328287203765,0.16655060361334176,0.3755558789720662,False
2019-12-04 23:00:00+00:00,0.09281123122488301,0.16655060361334176,0.3755558789720662,False
2019-12-05 23:00:00+00:00,0.10062372369847677,0.16655060361334176,0.3755558789720662,False
2019-12-08 23:00:00+00:00,0.1013712251115712,0.16655060361334176,0.3755558789720662,False
2019-12-09 23:00:00+00:00,0.09957534477026386,0.16655060361334176,0.3755558789720662,False
2019-12-10 23:00:00+00:00,0.09915304465925902,0.16655060361334176,0.3755558789720662,False
2019-12-11 23:00:00+00:00,0.1001660582346617,0.16655060361334176,0.3755558789720662,False
2019-12-12 23:00:00+00:00,0.09752987453874566,0.16655060361334176,0.3755558789720662,False
2019-12-15 23:00:00+00:00,0.10476077873914559,0.16655060361334176,0.3755558789720662,False
2019-12-16 23:00:00+00:00,0.10619319081746627,0.16655060361334176,0.3755558789720662,False
2019-12-17 23:00:00+00:00,0.10630821389747822,0.16655060361334176,0.3755558789720662,False
2019-12-18 23:00:00+00:00,0.1050862640015474,0.16655060361334176,0.3755558789720662,False
2019-12-19 23:00:00+00:00,0.10676694752933057,0.16655060361334176,0.3755558789720662,False
2019-12-22 23:00:00+00:00,0.10560568401447903,0.16655060361334176,0.3755558789720662,False
2019-12-29 23:00:00+00:00,0.10935990556870617,0.16655060361334176,0.3755558789720662,False
2020-01-02 23:00:00+00:00,0.11092030067557257,0.16655060361334176,0.3755558789720662,False
2020-01-05 23:00:00+00:00,0.11251425356438326,0.16655060361334176,0.3755558789720662,False
2020-01-06 23:00:00+00:00,0.11464080000451195,0.16655060361334176,0.3755558789720662,False
2020-01-07 23:00:00+00:00,0.09312711130174554,0.16655060361334176,0.3755558789720662,False
2020-01-08 23:00:00+00:00,0.09192972725174901,0.16655060361334176,0.3755558789720662,False
2020-01-09 23:00:00+00:00,0.08669400998409638,0.16655060361334176,0.3755558789720662,False
2020-01-12 23:00:00+00:00,0.08676257702736664,0.16655060361334176,0.3755558789720662,False
2020-01-13 23:00:00+00:00,0.0796248045338477,0.16655060361334176,0.3755558789720662,False
2020-01-14 23:00:00+00:00,0.07834444552520364,0.16655060361334176,0.3755558789720662,False
2020-01-15 23:00:00+00:00,0.07812748834198276,0.16655060361334176,0.3755558789720662,False
2020-01-16 23:00:00+00:00,0.08128574390185081,0.16655060361334176,0.3755558789720662,False
2020-01-19 23:00:00+00:00,0.08026790820703524,0.16655060361334176,0.3755558789720662,False
2020-01-20 23:00:00+00:00,0.08059229378083445,0.16655060361334176,0.3755558789720662,False
2020-01-21 23:00:00+00:00,0.0710704872626863,0.16655060361334176,0.3755558789720662,False
2020-01-22 23:00:00+00:00,0.0730251160057969,0.16655060361334176,0.3755558789720662,False
2020-01-23 23:00:00+00:00,0.08029608778360105,0.16655060361334176,0.3755558789720662,False
2020-01-26 23:00:00+00:00,0.116794523597344,0.16655060361334176,0.3755558789720662,False
2020-01-27 23:00:00+00:00,0.11937419375850612,0.16655060361334176,0.3755558789720662,False
2020-01-28 23:00:00+00:00,0.12032784910211632,0.16655060361334176,0.3755558789720662,False
2020-01-29 23:00:00+00:00,0.12435174927184549,0.16655060361334176,0.3755558789720662,False
2020-01-30 23:00:00+00:00,0.12971810661792013,0.16655060361334176,0.3755558789720662,False
2020-02-02 23:00:00+00:00,0.12924401325265558,0.16655060361334176,0.3755558789720662,False
2020-02-03 23:00:00+00:00,0.13669729758718066,0.16655060361334176,0.3755558789720662,False
2020-02-04 23:00:00+00:00,0.1404525446706741,0.16655060361334176,0.3755558789720662,False
2020-02-05 23:00:00+00:00,0.1428162335966063,0.16655060361334176,0.3755558789720662,False
2020-02-06 23:00:00+00:00,0.14281993422024378,0.16655060361334176,0.3755558789720662,False
2020-02-09 23:00:00+00:00,0.14313720896429769,0.16655060361334176,0.3755558789720662,False
2020-02-10 23:00:00+00:00,0.14511928072653804,0.16655060361334176,0.3755558789720662,False
2020-02-11 23:00:00+00:00,0.14834318655265563,0.16655060361334176,0.3755558789720662,False
2020-02-12 23:00:00+00:00,0.14831557548459975,0.16655060361334176,0.3755558789720662,False
2020-02-13 23:00:00+00:00,0.1464245777303293,0.16655060361334176,0.3755558789720662,False
2020-02-16 23:00:00+00:00,0.14658854353085132,0.16655060361334176,0.3755558789720662,False
2020-02-17 23:00:00+00:00,0.14917422064969937,0.16655060361334176,0.3755558789720662,False
2020-02-18 23:00:00+00:00,0.1505491136133108,0.16655060361334176,0.3755558789720662,False
2020-02-19 23:00:00+00:00,0.15063498040180323,0.16655060361334176,0.3755558789720662,False
2020-02-20 23:00:00+00:00,0.14881723858364676,0.16655060361334176,0.3755558789720662,False
2020-02-23 23:00:00+00:00,0.1839566867688853,0.16655060361334176,0.3755558789720662,False
2020-02-24 23:00:00+00:00,0.19067884900954946,0.16655060361334176,0.3755558789720662,False
2020-02-25 23:00:00+00:00,0.18983179880495482,0.16655060361334176,0.3755558789720662,False
2020-02-26 23:00:00+00:00,0.21586885437623585,0.16655060361334176,0.3755558789720662,False
2020-02-27 23:00:00+00:00,0.24312091989080456,0.16655060361334176,0.3755558789720662,False
2020-03-01 23:00:00+00:00,0.24165823659931648,0.16655060361334176,0.3755558789720662,False
2020-03-02 23:00:00+00:00,0.23801247278539947,0.16655060361334176,0.3755558789720662,False
2020-03-03 23:00:00+00:00,0.23921207937405645,0.16655060361334176,0.3755558789720662,False
2020-03-04 23:00:00+00:00,0.23994628785851185,0.16655060361334176,0.3755558789720662,False
2020-03-05 23:00:00+00:00,0.26100795465952664,0.16655060361334176,0.3755558789720662,False
2020-03-08 23:00:00+00:00,0.3672197495661794,0.16655060361334176,0.3755558789720662,False
2020-03-09 23:00:00+00:00,0.36069405272630867,0.16655060361334176,0.3755558789720662,False
2020-03-10 23:00:00+00:00,0.35230149444231473,0.16655060361334176,0.3755558789720662,False
2020-03-11 23:00:00+00:00,0.5337353181064749,0.16655060361334176,0.3755558789720662,True
2020-03-12 23:00:00+00:00,0.5422248384991711,0.16655060361334176,0.3755558789720662,True
2020-03-15 23:00:00+00:00,0.5588191997383559,0.16655060361334176,0.3755558789720662,True
2020-03-16 23:00:00+00:00,0.5768123571237171,0.16655060361334176,0.3755558789720662,True
2020-03-17 23:00:00+00:00,0.5789189734992182,0.16655060361334176,0.3755558789720662,True
2020-03-18 23:00:00+00:00,0.60595340901297,0.16655060361334176,0.3755558789720662,True
2020-03-19 23:00:00+00:00,0.6514257159121302,0.16655060361334176,0.3755558789720662,True
2020-03-22 23:00:00+00:00,0.6499653267200939,0.16655060361334176,0.3755558789720662,True
2020-03-23 23:00:00+00:00,0.7725940414664456,0.16655060361334176,0.3755558789720662,True
2020-03-24 23:00:00+00:00,0.7885773799508995,0.16655060361334176,0.3755558789720662,True
2020-03-25 23:00:00+00:00,0.7958788843631124,0.16655060361334176,0.3755558789720662,True
2020-03-26 23:00:00+00:00,0.7981587651951132,0.16655060361334176,0.3755558789720662,True
2020-03-29 22:00:00+00:00,0.7987674913027994,0.16655060361334176,0.3755558789720662,True
2020-03-30 22:00:00+00:00,0.7999793292415297,0.16655060361334176,0.3755558789720662,True
2020-03-31 22:00:00+00:00,0.805159422902765,0.16655060361334176,0.3755558789720662,True
2020-04-01 22:00:00+00:00,0.8059673197651089,0.16655060361334176,0.3755558789720662,True
2020-04-02 22:00:00+00:00,0.8009149569077951,0.16655060361334176,0.3755558789720662,True
2020-04-05 22:00:00+00:00,0.7885351609741623,0.16655060361334176,0.3755558789720662,True
2020-04-06 22:00:00+00:00,0.7943776755506643,0.16655060361334176,0.3755558789720662,True
2020-04-07 22:00:00+00:00,0.7943328501267022,0.16655060361334176,0.3755558789720662,True
2020-04-08 22:00:00+00:00,0.6377792650526863,0.16655060361334176,0.3755558789720662,True
2020-04-13 22:00:00+00:00,0.6376105632011003,0.16655060361334176,0.3755558789720662,True
2020-04-14 22:00:00+00:00,0.6108409831024456,0.16655060361334176,0.3755558789720662,True
2020-04-15 22:00:00+00:00,0.6097113838019574,0.16655060361334176,0.3755558789720662,True
2020-04-16 22:00:00+00:00,0.5701887228404379,0.16655060361334176,0.3755558789720662,True
2020-04-19 22:00:00+00:00,0.5669228260457623,0.16655060361334176,0.3755558789720662,True
2020-04-20 22:00:00+00:00,0.5754996045661281,0.16655060361334176,0.3755558789720662,True
2020-04-21 22:00:00+00:00,0.557987133038367,0.16655060361334176,0.3755558789720662,True
2020-04-22 22:00:00+00:00,0.4463143177822149,0.16655060361334176,0.3755558789720662,True
2020-04-23 22:00:00+00:00,0.43779914813226,0.16655060361334176,0.3755558789720662,True
2020-04-26 22:00:00+00:00,0.441150364736998,0.16655060361334176,0.3755558789720662,True
2020-04-27 22:00:00+00:00,0.4162779186174484,0.16655060361334176,0.3755558789720662,True
2020-04-28 22:00:00+00:00,0.43235326935748514,0.16655060361334176,0.3755558789720662,True
2020-04-29 22:00:00+00:00,0.4458498056453528,0.16655060361334176,0.3755558789720662,True
2020-05-03 22:00:00+00:00,0.4405563861979367,0.16655060361334176,0.3755558789720662,True
2020-05-04 22:00:00+00:00,0.44822814064254834,0.16655060361334176,0.3755558789720662,True
2020-05-05 22:00:00+00:00,0.44757570595429025,0.16655060361334176,0.3755558789720662,True
2020-05-06 22:00:00+00:00,0.4062371167835332,0.16655060361334176,0.3755558789720662,True
2020-05-07 22:00:00+00:00,0.397776468923345,0.16655060361334176,0.3755558789720662,True
2020-05-10 22:00:00+00:00,0.4020791338031216,0.16655060361334176,0.3755558789720662,True
2020-05-11 22:00:00+00:00,0.3956520563606975,0.16655060361334176,0.3755558789720662,True
2020-05-12 22:00:00+00:00,0.4095423408011785,0.16655060361334176,0.3755558789720662,True
2020-05-13 22:00:00+00:00,0.3810618812940083,0.16655060361334176,0.3755558789720662,True
2020-05-14 22:00:00+00:00,0.38182905408362866,0.16655060361334176,0.3755558789720662,True
2020-05-17 22:00:00+00:00,0.415310489846554,0.16655060361334176,0.3755558789720662,True
2020-05-18 22:00:00+00:00,0.41744905529040044,0.16655060361334176,0.3755558789720662,True
2020-05-19 22:00:00+00:00,0.3885892241538095,0.16655060361334176,0.3755558789720662,True
2020-05-20 22:00:00+00:00,0.39004156259289574,0.16655060361334176,0.3755558789720662,True
2020-05-21 22:00:00+00:00,0.3878241287873691,0.16655060361334176,0.3755558789720662,True
2020-05-24 22:00:00+00:00,0.388505294835529,0.16655060361334176,0.3755558789720662,True
2020-05-25 22:00:00+00:00,0.38129749416257874,0.16655060361334176,0.3755558789720662,True
2020-05-26 22:00:00+00:00,0.382186647394246,0.16655060361334176,0.3755558789720662,True
2020-05-27 22:00:00+00:00,0.36277545464405725,0.16655060361334176,0.3755558789720662,False
2020-05-28 22:00:00+00:00,0.3568904288739501,0.16655060361334176,0.3755558789720662,False
2020-06-02 22:00:00+00:00,0.34051031673821724,0.16655060361334176,0.3755558789720662,False
2020-06-03 22:00:00+00:00,0.3321272195530055,0.16655060361334176,0.3755558789720662,False
2020-06-04 22:00:00+00:00,0.342675159581712,0.16655060361334176,0.3755558789720662,False
2020-06-07 22:00:00+00:00,0.3430499515466173,0.16655060361334176,0.3755558789720662,False
2020-06-08 22:00:00+00:00,0.3551102535879619,0.16655060361334176,0.3755558789720662,False
2020-06-09 22:00:00+00:00,0.35202868414414834,0.16655060361334176,0.3755558789720662,False
2020-06-10 22:00:00+00:00,0.398894469091412,0.16655060361334176,0.3755558789720662,True
2020-06-11 22:00:00+00:00,0.3801086960990431,0.16655060361334176,0.3755558789720662,True
2020-06-14 22:00:00+00:00,0.37382826909332284,0.16655060361334176,0.3755558789720662,False
2020-06-15 22:00:00+00:00,0.38505585952755134,0.16655060361334176,0.3755558789720662,True
2020-06-16 22:00:00+00:00,0.335094561630289,0.16655060361334176,0.3755558789720662,False
2020-06-17 22:00:00+00:00,0.33298343639650435,0.16655060361334176,0.3755558789720662,False
2020-06-18 22:00:00+00:00,0.33221440368934996,0.16655060361334176,0.3755558789720662,False
2020-06-21 22:00:00+00:00,0.32905362493477214,0.16655060361334176,0.3755558789720662,False
2020-06-22 22:00:00+00:00,0.33312562330702794,0.16655060361334176,0.3755558789720662,False
2020-06-23 22:00:00+00:00,0.3512915835249475,0.16655060361334176,0.3755558789720662,False
2020-06-24 22:00:00+00:00,0.34680708652037273,0.16655060361334176,0.3755558789720662,False
2020-06-25 22:00:00+00:00,0.34107778975363395,0.16655060361334176,0.3755558789720662,False
2020-06-28 22:00:00+00:00,0.3415908451161534,0.16655060361334176,0.3755558789720662,False
2020-06-29 22:00:00+00:00,0.3330786775564073,0.16655060361334176,0.3755558789720662,False
2020-06-30 22:00:00+00:00,0.3016975557824482,0.16655060361334176,0.3755558789720662,False
2020-07-01 22:00:00+00:00,0.3185718639029031,0.16655060361334176,0.3755558789720662,False
2020-07-02 22:00:00+00:00,0.2916578574006333,0.16655060361334176,0.3755558789720662,False
2020-07-05 22:00:00+00:00,0.29859893753153455,0.16655060361334176,0.3755558789720662,False
2020-07-06 22:00:00+00:00,0.29038846043506245,0.16655060361334176,0.3755558789720662,False
2020-07-07 22:00:00+00:00,0.2921230728197401,0.16655060361334176,0.3755558789720662,False
2020-07-08 22:00:00+00:00,0.23560421823161512,0.16655060361334176,0.3755558789720662,False
2020-07-09 22:00:00+00:00,0.23988121370868828,0.16655060361334176,0.3755558789720662,False
2020-07-12 22:00:00+00:00,0.24238885849721467,0.16655060361334176,0.3755558789720662,False
2020-07-13 22:00:00+00:00,0.2213809427262511,0.16655060361334176,0.3755558789720662,False
2020-07-14 22:00:00+00:00,0.2315421204917202,0.16655060361334176,0.3755558789720662,False
2020-07-15 22:00:00+00:00,0.23036824213317444,0.16655060361334176,0.3755558789720662,False
2020-07-16 22:00:00+00:00,0.23094064471138334,0.16655060361334176,0.3755558789720662,False
2020-07-19 22:00:00+00:00,0.23018469276567743,0.16655060361334176,0.3755558789720662,False
2020-07-20 22:00:00+00:00,0.22271754081592698,0.16655060361334176,0.3755558789720662,False
2020-07-21 22:00:00+00:00,0.18582216646042155,0.16655060361334176,0.3755558789720662,False
2020-07-22 22:00:00+00:00,0.18383007227497192,0.16655060361334176,0.3755558789720662,False
2020-07-23 22:00:00+00:00,0.19425093593753015,0.16655060361334176,0.3755558789720662,False
2020-07-26 22:00:00+00:00,0.19205572336573187,0.16655060361334176,0.3755558789720662,False
2020-07-27 22:00:00+00:00,0.19210115660998736,0.16655060361334176,0.3755558789720662,False
2020-07-28 22:00:00+00:00,0.19055603016131775,0.16655060361334176,0.3755558789720662,False
2020-07-29 22:00:00+00:00,0.19070305454054753,0.16655060361334176,0.3755558789720662,False
2020-07-30 22:00:00+00:00,0.19420513171633869,0.16655060361334176,0.3755558789720662,False
2020-08-02 22:00:00+00:00,0.20287780252138882,0.16655060361334176,0.3755558789720662,False
2020-08-03 22:00:00+00:00,0.202814194329234,0.16655060361334176,0.3755558789720662,False
2020-08-04 22:00:00+00:00,0.20010791336163367,0.16655060361334176,0.3755558789720662,False
2020-08-05 22:00:00+00:00,0.19825089006592225,0.16655060361334176,0.3755558789720662,False
2020-08-06 22:00:00+00:00,0.1911523918378426,0.16655060361334176,0.3755558789720662,False
2020-08-09 22:00:00+00:00,0.18593818461812983,0.16655060361334176,0.3755558789720662,False
2020-08-10 22:00:00+00:00,0.20447188788261345,0.16655060361334176,0.3755558789720662,False
2020-08-11 22:00:00+00:00,0.19328399588747297,0.16655060361334176,0.3755558789720662,False
2020-08-12 22:00:00+00:00,0.19455844166445832,0.16655060361334176,0.3755558789720662,False
2020-08-13 22:00:00+00:00,0.19863075593262253,0.16655060361334176,0.3755558789720662,False
2020-08-16 22:00:00+00:00,0.19679372702599776,0.16655060361334176,0.3755558789720662,False
2020-08-17 22:00:00+00:00,0.196409544743212,0.16655060361334176,0.3755558789720662,False
2020-08-18 22:00:00+00:00,0.19569279571673784,0.16655060361334176,0.3755558789720662,False
2020-08-19 22:00:00+00:00,0.20197358456668146,0.16655060361334176,0.3755558789720662,False
2020-08-20 22:00:00+00:00,0.19412329031377448,0.16655060361334176,0.3755558789720662,False
2020-08-23 22:00:00+00:00,0.21254667659198234,0.16655060361334176,0.3755558789720662,False
2020-08-24 22:00:00+00:00,0.21264183798701738,0.16655060361334176,0.3755558789720662,False
2020-08-25 22:00:00+00:00,0.21411982297379878,0.16655060361334176,0.3755558789720662,False
2020-08-26 22:00:00+00:00,0.1865769775107221,0.16655060361334176,0.3755558789720662,False
2020-08-27 22:00:00+00:00,0.17890496304229486,0.16655060361334176,0.3755558789720662,False
2020-08-30 22:00:00+00:00,0.16738264185329405,0.16655060361334176,0.3755558789720662,False
2020-08-31 22:00:00+00:00,0.16767378368241054,0.16655060361334176,0.3755558789720662,False
2020-09-01 22:00:00+00:00,0.17597642738498814,0.16655060361334176,0.3755558789720662,False
2020-09-02 22:00:00+00:00,0.17520478335195017,0.16655060361334176,0.3755558789720662,False
2020-09-03 22:00:00+00:00,0.17771820083872988,0.16655060361334176,0.3755558789720662,False
2020-09-06 22:00:00+00:00,0.1843812106017942,0.16655060361334176,0.3755558789720662,False
2020-09-07 22:00:00+00:00,0.16906173901342478,0.16655060361334176,0.3755558789720662,False
2020-09-08 22:00:00+00:00,0.176457001148278,0.16655060361334176,0.3755558789720662,False
2020-09-09 22:00:00+00:00,0.17531681690725176,0.16655060361334176,0.3755558789720662,False
2020-09-10 22:00:00+00:00,0.17003181682378818,0.16655060361334176,0.3755558789720662,False
2020-09-13 22:00:00+00:00,0.1703588310621081,0.16655060361334176,0.3755558789720662,False
2020-09-14 22:00:00+00:00,0.16825448244929464,0.16655060361334176,0.3755558789720662,False
2020-09-15 22:00:00+00:00,0.16697265466070182,0.16655060361334176,0.3755558789720662,False
2020-09-16 22:00:00+00:00,0.15805101433120783,0.16655060361334176,0.3755558789720662,False
2020-09-17 22:00:00+00:00,0.16415514377802434,0.16655060361334176,0.3755558789720662,False
2020-09-20 22:00:00+00:00,0.20473893355277206,0.16655060361334176,0.3755558789720662,False
2020-09-21 22:00:00+00:00,0.20488124062596047,0.16655060361334176,0.3755558789720662,False
2020-09-22 22:00:00+00:00,0.20232574451797458,0.16655060361334176,0.3755558789720662,False
2020-09-23 22:00:00+00:00,0.20260904379309172,0.16655060361334176,0.3755558789720662,False
2020-09-24 22:00:00+00:00,0.20329228021762388,0.16655060361334176,0.3755558789720662,False
2020-09-27 22:00:00+00:00,0.23167186982936333,0.16655060361334176,0.3755558789720662,False
2020-09-28 22:00:00+00:00,0.23181424047414528,0.16655060361334176,0.3755558789720662,False
2020-09-29 22:00:00+00:00,0.22144844232551608,0.16655060361334176,0.3755558789720662,False
2020-09-30 22:00:00+00:00,0.2211215611296251,0.16655060361334176,0.3755558789720662,False
2020-10-01 22:00:00+00:00,0.2203205379729605,0.16655060361334176,0.3755558789720662,False
2020-10-04 22:00:00+00:00,0.21625739725273332,0.16655060361334176,0.3755558789720662,False
2020-10-05 22:00:00+00:00,0.21572393927440398,0.16655060361334176,0.3755558789720662,False
2020-10-06 22:00:00+00:00,0.20705221555398898,0.16655060361334176,0.3755558789720662,False
2020-10-07 22:00:00+00:00,0.2103109128727715,0.16655060361334176,0.3755558789720662,False
2020-10-08 22:00:00+00:00,0.21043949710706777,0.16655060361334176,0.3755558789720662,False
2020-10-11 22:00:00+00:00,0.2108322782588487,0.16655060361334176,0.3755558789720662,False
2020-10-12 22:00:00+00:00,0.21378022248997855,0.16655060361334176,0.3755558789720662,False
2020-10-13 22:00:00+00:00,0.21342252623349534,0.16655060361334176,0.3755558789720662,False
2020-10-14 22:00:00+00:00,0.22537151641644784,0.16655060361334176,0.3755558789720662,False
2020-10-15 22:00:00+00:00,0.23036013514366935,0.16655060361334176,0.3755558789720662,False
2020-10-18 22:00:00+00:00,0.16783951806571137,0.16655060361334176,0.3755558789720662,False
2020-10-19 22:00:00+00:00,0.16807808329743903,0.16655060361334176,0.3755558789720662,False
2020-10-20 22:00:00+00:00,0.17672711082429646,0.16655060361334176,0.3755558789720662,False
2020-10-21 22:00:00+00:00,0.1743914228394951,0.16655060361334176,0.3755558789720662,False
2020-10-22 22:00:00+00:00,0.175421890947181,0.16655060361334176,0.3755558789720662,False
2020-10-27 23:00:00+00:00,0.19293954929949997,0.16655060361334176,0.3755558789720662,False
2020-10-28 23:00:00+00:00,0.19268953084792764,0.16655060361334176,0.3755558789720662,False
2020-10-29 23:00:00+00:00,0.1931524499989789,0.16655060361334176,0.3755558789720662,False
2020-11-01 23:00:00+00:00,0.20683910630726562,0.16655060361334176,0.3755558789720662,False
2020-11-02 23:00:00+00:00,0.22371045191692457,0.16655060361334176,0.3755558789720662,False
2020-11-03 23:00:00+00:00,0.22875108420329573,0.16655060361334176,0.3755558789720662,False
2020-11-04 23:00:00+00:00,0.23091686420236204,0.16655060361334176,0.3755558789720662,False
2020-11-05 23:00:00+00:00,0.23214912992482056,0.16655060361334176,0.3755558789720662,False
2020-11-08 23:00:00+00:00,0.3273779441503704,0.16655060361334176,0.3755558789720662,False
2020-11-09 23:00:00+00:00,0.328507360975846,0.16655060361334176,0.3755558789720662,False
2020-11-10 23:00:00+00:00,0.3287315585042226,0.16655060361334176,0.3755558789720662,False
2020-11-11 23:00:00+00:00,0.32938821524662615,0.16655060361334176,0.3755558789720662,False
2020-11-12 23:00:00+00:00,0.32903664536901844,0.16655060361334176,0.3755558789720662,False
2020-11-15 23:00:00+00:00,0.31460845919560615,0.16655060361334176,0.3755558789720662,False
2020-11-16 23:00:00+00:00,0.3133196610348355,0.16655060361334176,0.3755558789720662,False
2020-11-17 23:00:00+00:00,0.31203764934338957,0.16655060361334176,0.3755558789720662,False
2020-11-18 23:00:00+00:00,0.31580264851446926,0.16655060361334176,0.3755558789720662,False
2020-11-19 23:00:00+00:00,0.30712564584665675,0.16655060361334176,0.3755558789720662,False
2020-11-22 23:00:00+00:00,0.3073177681312133,0.16655060361334176,0.3755558789720662,False
2020-11-23 23:00:00+00:00,0.3087400079529493,0.16655060361334176,0.3755558789720662,False
2020-11-24 23:00:00+00:00,0.26468996479714507,0.16655060361334176,0.3755558789720662,False
2020-11-25 23:00:00+00:00,0.26582967770416094,0.16655060361334176,0.3755558789720662,False
2020-11-26 23:00:00+00:00,0.2653497113634081,0.16655060361334176,0.3755558789720662,False
2020-11-29 23:00:00+00:00,0.27039285772944094,0.16655060361334176,0.3755558789720662,False
2020-11-30 23:00:00+00:00,0.2640000771212325,0.16655060361334176,0.3755558789720662,False
2020-12-01 23:00:00+00:00,0.26223525887542254,0.16655060361334176,0.3755558789720662,False
2020-12-02 23:00:00+00:00,0.2617121528545229,0.16655060361334176,0.3755558789720662,False
2020-12-03 23:00:00+00:00,0.25897385152774066,0.16655060361334176,0.3755558789720662,False
2020-12-06 23:00:00+00:00,0.12566135932377348,0.16655060361334176,0.3755558789720662,False
2020-12-07 23:00:00+00:00,0.11937928307996301,0.16655060361334176,0.3755558789720662,False
2020-12-08 23:00:00+00:00,0.119373413395107,0.16655060361334176,0.3755558789720662,False
2020-12-09 23:00:00+00:00,0.11138411675494661,0.16655060361334176,0.3755558789720662,False
2020-12-10 23:00:00+00:00,0.11934442869502959,0.16655060361334176,0.3755558789720662,False
2020-12-13 23:00:00+00:00,0.11009539809836438,0.16655060361334176,0.3755558789720662,False
2020-12-14 23:00:00+00:00,0.11263806646166619,0.16655060361334176,0.3755558789720662,False
2020-12-15 23:00:00+00:00,0.11442847251412158,0.16655060361334176,0.3755558789720662,False
2020-12-16 23:00:00+00:00,0.10828764950082315,0.16655060361334176,0.3755558789720662,False
2020-12-17 23:00:00+00:00,0.10989952512806088,0.16655060361334176,0.3755558789720662,False
2020-12-20 23:00:00+00:00,0.14531792077002262,0.16655060361334176,0.3755558789720662,False
2020-12-21 23:00:00+00:00,0.14048091251027475,0.16655060361334176,0.3755558789720662,False
2020-12-22 23:00:00+00:00,0.14776094388048636,0.16655060361334176,0.3755558789720662,False
2020-12-28 23:00:00+00:00,0.14740536689234726,0.16655060361334176,0.3755558789720662,False
2020-12-29 23:00:00+00:00,0.14702266701109634,0.16655060361334176,0.3755558789720662,False
2021-01-04 23:00:00+00:00,0.1435140491758876,0.16655060361334176,0.3755558789720662,False
2021-01-05 23:00:00+00:00,0.14703942019824962,0.16655060361334176,0.3755558789720662,False
2021-01-06 23:00:00+00:00,0.14922256830424407,0.16655060361334176,0.3755558789720662,False
2021-01-07 23:00:00+00:00,0.1498834856921193,0.16655060361334176,0.3755558789720662,False
2021-01-10 23:00:00+00:00,0.15348735666731542,0.16655060361334176,0.3755558789720662,False
2021-01-11 23:00:00+00:00,0.151883044440534,0.16655060361334176,0.3755558789720662,False
2021-01-12 23:00:00+00:00,0.1518922489915059,0.16655060361334176,0.3755558789720662,False
2021-01-13 23:00:00+00:00,0.15557570969650356,0.16655060361334176,0.3755558789720662,False
2021-01-14 23:00:00+00:00,0.1629832580077506,0.16655060361334176,0.3755558789720662,False
2021-01-17 23:00:00+00:00,0.16508965804756956,0.16655060361334176,0.3755558789720662,False
2021-01-18 23:00:00+00:00,0.16588971032726452,0.16655060361334176,0.3755558789720662,False
2021-01-19 23:00:00+00:00,0.1654769302873487,0.16655060361334176,0.3755558789720662,False
2021-01-20 23:00:00+00:00,0.16631257900994467,0.16655060361334176,0.3755558789720662,False
2021-01-21 23:00:00+00:00,0.17090821408050352,0.16655060361334176,0.3755558789720662,False
2021-01-24 23:00:00+00:00,0.183801252662685,0.16655060361334176,0.3755558789720662,False
2021-01-25 23:00:00+00:00,0.1601189204818573,0.16655060361334176,0.3755558789720662,False
2021-01-26 23:00:00+00:00,0.1673259027793248,0.16655060361334176,0.3755558789720662,False
2021-01-27 23:00:00+00:00,0.1643866780208889,0.16655060361334176,0.3755558789720662,False
2021-01-28 23:00:00+00:00,0.17403083237931694,0.16655060361334176,0.3755558789720662,False
2021-01-31 23:00:00+00:00,0.1795086614803125,0.16655060361334176,0.3755558789720662,False
2021-02-01 23:00:00+00:00,0.18761650462335877,0.16655060361334176,0.3755558789720662,False
2021-02-02 23:00:00+00:00,0.17973539226391624,0.16655060361334176,0.3755558789720662,False
2021-02-03 23:00:00+00:00,0.17932030435341545,0.16655060361334176,0.3755558789720662,False
2021-02-04 23:00:00+00:00,0.1789409002945237,0.16655060361334176,0.3755558789720662,False
2021-02-07 23:00:00+00:00,0.17561904549651328,0.16655060361334176,0.3755558789720662,False
2021-02-08 23:00:00+00:00,0.17595206510921907,0.16655060361334176,0.3755558789720662,False
2021-02-09 23:00:00+00:00,0.17625888667009562,0.16655060361334176,0.3755558789720662,False
2021-02-10 23:00:00+00:00,0.1727423640354927,0.16655060361334176,0.3755558789720662,False
2021-02-11 23:00:00+00:00,0.16569799072829106,0.16655060361334176,0.3755558789720662,False
2021-02-14 23:00:00+00:00,0.16095134774070988,0.16655060361334176,0.3755558789720662,False
2021-02-15 23:00:00+00:00,0.16042834645803464,0.16655060361334176,0.3755558789720662,False
2021-02-16 23:00:00+00:00,0.16102328703705646,0.16655060361334176,0.3755558789720662,False
2021-02-17 23:00:00+00:00,0.1614202899576318,0.16655060361334176,0.3755558789720662,False
2021-02-18 23:00:00+00:00,0.15979228723706967,0.16655060361334176,0.3755558789720662,False
2021-02-21 23:00:00+00:00,0.1422913659506677,0.16655060361334176,0.3755558789720662,False
2021-02-22 23:00:00+00:00,0.13954482802162266,0.16655060361334176,0.3755558789720662,False
2021-02-23 23:00:00+00:00,0.1230868670574165,0.16655060361334176,0.3755558789720662,False
2021-02-24 23:00:00+00:00,0.12157598341928774,0.16655060361334176,0.3755558789720662,False
2021-02-25 23:00:00+00:00,0.1132692929139095,0.16655060361334176,0.3755558789720662,False
2021-02-28 23:00:00+00:00,0.11664714304080136,0.16655060361334176,0.3755558789720662,False
2021-03-01 23:00:00+00:00,0.10347173584291314,0.16655060361334176,0.3755558789720662,False
2021-03-02 23:00:00+00:00,0.10461720801823318,0.16655060361334176,0.3755558789720662,False
2021-03-03 23:00:00+00:00,0.10317750624573856,0.16655060361334176,0.3755558789720662,False
2021-03-04 23:00:00+00:00,0.10840107354982008,0.16655060361334176,0.3755558789720662,False
2021-03-07 23:00:00+00:00,0.1398057939035752,0.16655060361334176,0.3755558789720662,False
2021-03-08 23:00:00+00:00,0.13903072807094452,0.16655060361334176,0.3755558789720662,False
2021-03-09 23:00:00+00:00,0.13837714651177455,0.16655060361334176,0.3755558789720662,False
2021-03-10 23:00:00+00:00,0.13826634340180877,0.16655060361334176,0.3755558789720662,False
2021-03-11 23:00:00+00:00,0.13829236658047575,0.16655060361334176,0.3755558789720662,False
2021-03-14 23:00:00+00:00,0.1334984936640393,0.16655060361334176,0.3755558789720662,False
2021-03-15 23:00:00+00:00,0.13313589391456812,0.16655060361334176,0.3755558789720662,False
2021-03-16 23:00:00+00:00,0.12944053493653188,0.16655060361334176,0.3755558789720662,False
2021-03-17 23:00:00+00:00,0.12604859588855835,0.16655060361334176,0.3755558789720662,False
2021-03-18 23:00:00+00:00,0.13564906176249897,0.16655060361334176,0.3755558789720662,False
2021-03-21 23:00:00+00:00,0.13603193657130336,0.16655060361334176,0.3755558789720662,False
2021-03-22 23:00:00+00:00,0.1362186295452246,0.16655060361334176,0.3755558789720662,False
2021-03-23 23:00:00+00:00,0.13469676398150066,0.16655060361334176,0.3755558789720662,False
2021-03-24 23:00:00+00:00,0.13389185762899025,0.16655060361334176,0.3755558789720662,False
2021-03-25 23:00:00+00:00,0.1263255338164598,0.16655060361334176,0.3755558789720662,False
2021-03-28 22:00:00+00:00,0.11794322136967315,0.16655060361334176,0.3755558789720662,False
2021-03-29 22:00:00+00:00,0.12264452616133019,0.16655060361334176,0.3755558789720662,False
2021-03-30 22:00:00+00:00,0.12321967043666276,0.16655060361334176,0.3755558789720662,False
2021-03-31 22:00:00+00:00,0.12353996740980569,0.16655060361334176,0.3755558789720662,False
2021-04-05 22:00:00+00:00,0.11623024244865683,0.16655060361334176,0.3755558789720662,False
2021-04-06 22:00:00+00:00,0.08255801377586579,0.16655060361334176,0.3755558789720662,False
2021-04-07 22:00:00+00:00,0.0825599872217073,0.16655060361334176,0.3755558789720662,False
2021-04-08 22:00:00+00:00,0.08102181214526354,0.16655060361334176,0.3755558789720662,False
2021-04-11 22:00:00+00:00,0.08105520912925862,0.16655060361334176,0.3755558789720662,False
2021-04-12 22:00:00+00:00,0.08105719480934087,0.16655060361334176,0.3755558789720662,False
2021-04-13 22:00:00+00:00,0.0806558284087741,0.16655060361334176,0.3755558789720662,False
2021-04-14 22:00:00+00:00,0.0802432961014617,0.16655060361334176,0.3755558789720662,False
2021-04-15 22:00:00+00:00,0.08696639063494122,0.16655060361334176,0.3755558789720662,False
2021-04-18 22:00:00+00:00,0.08667467730657562,0.16655060361334176,0.3755558789720662,False
2021-04-19 22:00:00+00:00,0.09995799283203773,0.16655060361334176,0.3755558789720662,False
2021-04-20 22:00:00+00:00,0.0993278126817839,0.16655060361334176,0.3755558789720662,False
2021-04-21 22:00:00+00:00,0.10124858978664052,0.16655060361334176,0.3755558789720662,False
2021-04-22 22:00:00+00:00,0.10126265576455443,0.16655060361334176,0.3755558789720662,False
2021-04-25 22:00:00+00:00,0.10143113103736877,0.16655060361334176,0.3755558789720662,False
2021-04-26 22:00:00+00:00,0.09946507293565301,0.16655060361334176,0.3755558789720662,False
2021-04-27 22:00:00+00:00,0.09928654459026547,0.16655060361334176,0.3755558789720662,False
2021-04-28 22:00:00+00:00,0.09428952853696883,0.16655060361334176,0.3755558789720662,False
2021-04-29 22:00:00+00:00,0.09433524071876993,0.16655060361334176,0.3755558789720662,False
2021-05-02 22:00:00+00:00,0.09337938513399205,0.16655060361334176,0.3755558789720662,False
2021-05-03 22:00:00+00:00,0.10618877214545873,0.16655060361334176,0.3755558789720662,False
2021-05-04 22:00:00+00:00,0.12530098637702713,0.16655060361334176,0.3755558789720662,False
2021-05-05 22:00:00+00:00,0.12593676034863485,0.16655060361334176,0.3755558789720662,False
2021-05-06 22:00:00+00:00,0.128022732182153,0.16655060361334176,0.3755558789720662,False
2021-05-09 22:00:00+00:00,0.1283384826542568,0.16655060361334176,0.3755558789720662,False
2021-05-10 22:00:00+00:00,0.14831562800414763,0.16655060361334176,0.3755558789720662,False
2021-05-11 22:00:00+00:00,0.14834043407643432,0.16655060361334176,0.3755558789720662,False
2021-05-12 22:00:00+00:00,0.1483207636256963,0.16655060361334176,0.3755558789720662,False
2021-05-13 22:00:00+00:00,0.1521518376305871,0.16655060361334176,0.3755558789720662,False
2021-05-16 22:00:00+00:00,0.15190874162014317,0.16655060361334176,0.3755558789720662,False
2021-05-17 22:00:00+00:00,0.1344685660591852,0.16655060361334176,0.3755558789720662,False
2021-05-18 22:00:00+00:00,0.14830239166360287,0.16655060361334176,0.3755558789720662,False
2021-05-19 22:00:00+00:00,0.15166299303196368,0.16655060361334176,0.3755558789720662,False
2021-05-20 22:00:00+00:00,0.15261573437007653,0.16655060361334176,0.3755558789720662,False
2021-05-25 22:00:00+00:00,0.1525529764134627,0.16655060361334176,0.3755558789720662,False
2021-05-26 22:00:00+00:00,0.1530736157913084,0.16655060361334176,0.3755558789720662,False
2021-05-27 22:00:00+00:00,0.1541985104460183,0.16655060361334176,0.3755558789720662,False
2021-05-30 22:00:00+00:00,0.15429137943943805,0.16655060361334176,0.3755558789720662,False
2021-05-31 22:00:00+00:00,0.15564294913124102,0.16655060361334176,0.3755558789720662,False
2021-06-01 22:00:00+00:00,0.15491645619930125,0.16655060361334176,0.3755558789720662,False
2021-06-02 22:00:00+00:00,0.14283504128848612,0.16655060361334176,0.3755558789720662,False
2021-06-03 22:00:00+00:00,0.12944958183326274,0.16655060361334176,0.3755558789720662,False
2021-06-06 22:00:00+00:00,0.1292261063845924,0.16655060361334176,0.3755558789720662,False
2021-06-07 22:00:00+00:00,0.12768934092012438,0.16655060361334176,0.3755558789720662,False
2021-06-08 22:00:00+00:00,0.1279522304297606,0.16655060361334176,0.3755558789720662,False
2021-06-09 22:00:00+00:00,0.10405300518558168,0.16655060361334176,0.3755558789720662,False
2021-06-10 22:00:00+00:00,0.10616280546439905,0.16655060361334176,0.3755558789720662,False
2021-06-13 22:00:00+00:00,0.10641992779690271,0.16655060361334176,0.3755558789720662,False
2021-06-14 22:00:00+00:00,0.0954525987310012,0.16655060361334176,0.3755558789720662,False
2021-06-15 22:00:00+00:00,0.09528987239236357,0.16655060361334176,0.3755558789720662,False
2021-06-16 22:00:00+00:00,0.09515857160343678,0.16655060361334176,0.3755558789720662,False
2021-06-17 22:00:00+00:00,0.0999546753011159,0.16655060361334176,0.3755558789720662,False
2021-06-20 22:00:00+00:00,0.09366303940568105,0.16655060361334176,0.3755558789720662,False
2021-06-21 22:00:00+00:00,0.09197664126943056,0.16655060361334176,0.3755558789720662,False
2021-06-22 22:00:00+00:00,0.09735028611139382,0.16655060361334176,0.3755558789720662,False
2021-06-23 22:00:00+00:00,0.10378907803454185,0.16655060361334176,0.3755558789720662,False
2021-06-24 22:00:00+00:00,0.10139904837739903,0.16655060361334176,0.3755558789720662,False
2021-06-27 22:00:00+00:00,0.10447536112531565,0.16655060361334176,0.3755558789720662,False
2021-06-28 22:00:00+00:00,0.10151237857853247,0.16655060361334176,0.3755558789720662,False
2021-06-29 22:00:00+00:00,0.10561436779872607,0.16655060361334176,0.3755558789720662,False
2021-06-30 22:00:00+00:00,0.10974949525657371,0.16655060361334176,0.3755558789720662,False
2021-07-01 22:00:00+00:00,0.10956200048039408,0.16655060361334176,0.3755558789720662,False
2021-07-04 22:00:00+00:00,0.10949632377544612,0.16655060361334176,0.3755558789720662,False
2021-07-05 22:00:00+00:00,0.11760447681991328,0.16655060361334176,0.3755558789720662,False
2021-07-06 22:00:00+00:00,0.11903644921580943,0.16655060361334176,0.3755558789720662,False
2021-07-07 22:00:00+00:00,0.13542739591735503,0.16655060361334176,0.3755558789720662,False
2021-07-08 22:00:00+00:00,0.15065539492393742,0.16655060361334176,0.3755558789720662,False
2021-07-11 22:00:00+00:00,0.15142525670698787,0.16655060361334176,0.3755558789720662,False
2021-07-12 22:00:00+00:00,0.1513015034017134,0.16655060361334176,0.3755558789720662,False
2021-07-13 22:00:00+00:00,0.15132112914432153,0.16655060361334176,0.3755558789720662,False
2021-07-14 22:00:00+00:00,0.15445294374137178,0.16655060361334176,0.3755558789720662,False
2021-07-15 22:00:00+00:00,0.14200636013119483,0.16655060361334176,0.3755558789720662,False
2021-07-18 22:00:00+00:00,0.16881390390229242,0.16655060361334176,0.3755558789720662,False
2021-07-19 22:00:00+00:00,0.17178815719521084,0.16655060361334176,0.3755558789720662,False
2021-07-20 22:00:00+00:00,0.1856741059044337,0.16655060361334176,0.3755558789720662,False
2021-07-21 22:00:00+00:00,0.18067213057035056,0.16655060361334176,0.3755558789720662,False
2021-07-22 22:00:00+00:00,0.18618751720263316,0.16655060361334176,0.3755558789720662,False
2021-07-25 22:00:00+00:00,0.18371237088843728,0.16655060361334176,0.3755558789720662,False
2021-07-26 22:00:00+00:00,0.18436058135036526,0.16655060361334176,0.3755558789720662,False
2021-07-27 22:00:00+00:00,0.18326148487003016,0.16655060361334176,0.3755558789720662,False
2021-07-28 22:00:00+00:00,0.18230980229708635,0.16655060361334176,0.3755558789720662,False
2021-07-29 22:00:00+00:00,0.18389247863469368,0.16655060361334176,0.3755558789720662,False
2021-08-01 22:00:00+00:00,0.18490406335864643,0.16655060361334176,0.3755558789720662,False
2021-08-02 22:00:00+00:00,0.17942009936376002,0.16655060361334176,0.3755558789720662,False
2021-08-03 22:00:00+00:00,0.17987386661726767,0.16655060361334176,0.3755558789720662,False
2021-08-04 22:00:00+00:00,0.1651231225153419,0.16655060361334176,0.3755558789720662,False
2021-08-05 22:00:00+00:00,0.15225962237070517,0.16655060361334176,0.3755558789720662,False
2021-08-08 22:00:00+00:00,0.15202352738804858,0.16655060361334176,0.3755558789720662,False
2021-08-09 22:00:00+00:00,0.15167474415238166,0.16655060361334176,0.3755558789720662,False
2021-08-10 22:00:00+00:00,0.152138224515801,0.16655060361334176,0.3755558789720662,False
2021-08-11 22:00:00+00:00,0.14705122794430803,0.16655060361334176,0.3755558789720662,False
2021-08-12 22:00:00+00:00,0.14440822247753382,0.16655060361334176,0.3755558789720662,False
2021-08-15 22:00:00+00:00,0.0961211303674694,0.16655060361334176,0.3755558789720662,False
2021-08-16 22:00:00+00:00,0.09818799565483609,0.16655060361334176,0.3755558789720662,False
2021-08-17 22:00:00+00:00,0.07665656827616751,0.16655060361334176,0.3755558789720662,False
2021-08-18 22:00:00+00:00,0.10331224497794209,0.16655060361334176,0.3755558789720662,False
2021-08-19 22:00:00+00:00,0.09550961278452647,0.16655060361334176,0.3755558789720662,False
2021-08-22 22:00:00+00:00,0.09649552577136693,0.16655060361334176,0.3755558789720662,False
2021-08-23 22:00:00+00:00,0.09180373795613697,0.16655060361334176,0.3755558789720662,False
2021-08-24 22:00:00+00:00,0.08984202034068567,0.16655060361334176,0.3755558789720662,False
2021-08-25 22:00:00+00:00,0.08912109966374482,0.16655060361334176,0.3755558789720662,False
2021-08-26 22:00:00+00:00,0.08510600546563535,0.16655060361334176,0.3755558789720662,False
2021-08-29 22:00:00+00:00,0.08291745325039225,0.16655060361334176,0.3755558789720662,False
2021-08-30 22:00:00+00:00,0.08362124242917535,0.16655060361334176,0.3755558789720662,False
2021-08-31 22:00:00+00:00,0.08208960630158288,0.16655060361334176,0.3755558789720662,False
2021-09-01 22:00:00+00:00,0.08055893461330897,0.16655060361334176,0.3755558789720662,False
2021-09-02 22:00:00+00:00,0.08423647923863715,0.16655060361334176,0.3755558789720662,False
2021-09-05 22:00:00+00:00,0.08679586102957773,0.16655060361334176,0.3755558789720662,False
2021-09-06 22:00:00+00:00,0.08747543826939103,0.16655060361334176,0.3755558789720662,False
2021-09-07 22:00:00+00:00,0.09076008661165251,0.16655060361334176,0.3755558789720662,False
2021-09-08 22:00:00+00:00,0.0882991486976438,0.16655060361334176,0.3755558789720662,False
2021-09-09 22:00:00+00:00,0.08675731600273269,0.16655060361334176,0.3755558789720662,False
2021-09-12 22:00:00+00:00,0.08882379101984812,0.16655060361334176,0.3755558789720662,False
2021-09-13 22:00:00+00:00,0.08847628494888803,0.16655060361334176,0.3755558789720662,False
2021-09-14 22:00:00+00:00,0.09086096889564829,0.16655060361334176,0.3755558789720662,False
2021-09-15 22:00:00+00:00,0.06996574378857096,0.16655060361334176,0.3755558789720662,False
2021-09-16 22:00:00+00:00,0.0765200281254271,0.16655060361334176,0.3755558789720662,False
2021-09-19 22:00:00+00:00,0.09861117035070183,0.16655060361334176,0.3755558789720662,False
2021-09-20 22:00:00+00:00,0.10450690650187529,0.16655060361334176,0.3755558789720662,False
2021-09-21 22:00:00+00:00,0.11755772863949923,0.16655060361334176,0.3755558789720662,False
2021-09-22 22:00:00+00:00,0.12340792380101274,0.16655060361334176,0.3755558789720662,False
2021-09-23 22:00:00+00:00,0.12342373758656563,0.16655060361334176,0.3755558789720662,False
2021-09-26 22:00:00+00:00,0.12583948601549189,0.16655060361334176,0.3755558789720662,False
2021-09-27 22:00:00+00:00,0.1410876681135235,0.16655060361334176,0.3755558789720662,False
2021-09-28 22:00:00+00:00,0.14309140421272876,0.16655060361334176,0.3755558789720662,False
2021-09-29 22:00:00+00:00,0.1437940536916067,0.16655060361334176,0.3755558789720662,False
2021-09-30 22:00:00+00:00,0.1426609114401827,0.16655060361334176,0.3755558789720662,False
2021-10-03 22:00:00+00:00,0.14058357433575214,0.16655060361334176,0.3755558789720662,False
2021-10-04 22:00:00+00:00,0.1492570052760221,0.16655060361334176,0.3755558789720662,False
2021-10-05 22:00:00+00:00,0.1534017205871584,0.16655060361334176,0.3755558789720662,False
2021-10-06 22:00:00+00:00,0.1668992845244598,0.16655060361334176,0.3755558789720662,False
2021-10-07 22:00:00+00:00,0.16661010438623827,0.16655060361334176,0.3755558789720662,False
2021-10-10 22:00:00+00:00,0.16519370383929038,0.16655060361334176,0.3755558789720662,False
2021-10-11 22:00:00+00:00,0.16548857736082434,0.16655060361334176,0.3755558789720662,False
2021-10-12 22:00:00+00:00,0.16429924168204293,0.16655060361334176,0.3755558789720662,False
2021-10-13 22:00:00+00:00,0.1686824369754467,0.16655060361334176,0.3755558789720662,False
2021-10-14 22:00:00+00:00,0.16742521771506547,0.16655060361334176,0.3755558789720662,False
2021-10-17 22:00:00+00:00,0.15174723541495042,0.16655060361334176,0.3755558789720662,False
2021-10-18 22:00:00+00:00,0.14966349154961692,0.16655060361334176,0.3755558789720662,False
2021-10-19 22:00:00+00:00,0.14256364384760764,0.16655060361334176,0.3755558789720662,False
2021-10-20 22:00:00+00:00,0.13866635440799593,0.16655060361334176,0.3755558789720662,False
2021-10-21 22:00:00+00:00,0.13898094581025744,0.16655060361334176,0.3755558789720662,False
2021-10-24 22:00:00+00:00,0.1374564197672409,0.16655060361334176,0.3755558789720662,False
2021-10-27 22:00:00+00:00,0.11794061755176112,0.16655060361334176,0.3755558789720662,False
2021-10-28 22:00:00+00:00,0.11572165654108951,0.16655060361334176,0.3755558789720662,False
2021-10-31 23:00:00+00:00,0.11596997100553351,0.16655060361334176,0.3755558789720662,False
2021-11-01 23:00:00+00:00,0.1136080221023482,0.16655060361334176,0.3755558789720662,False
2021-11-02 23:00:00+00:00,0.11000983594322612,0.16655060361334176,0.3755558789720662,False
2021-11-03 23:00:00+00:00,0.10396926342786894,0.16655060361334176,0.3755558789720662,False
2021-11-04 23:00:00+00:00,0.08535851467101069,0.16655060361334176,0.3755558789720662,False
2021-11-07 23:00:00+00:00,0.06939597345247839,0.16655060361334176,0.3755558789720662,False
2021-11-08 23:00:00+00:00,0.06794243555006432,0.16655060361334176,0.3755558789720662,False
2021-11-09 23:00:00+00:00,0.06770277116183449,0.16655060361334176,0.3755558789720662,False
2021-11-10 23:00:00+00:00,0.06453414776234465,0.16655060361334176,0.3755558789720662,False
2021-11-11 23:00:00+00:00,0.06452494353220374,0.16655060361334176,0.3755558789720662,False
2021-11-14 23:00:00+00:00,0.05749677770278569,0.16655060361334176,0.3755558789720662,False
2021-11-15 23:00:00+00:00,0.05226769807886355,0.16655060361334176,0.3755558789720662,False
2021-11-16 23:00:00+00:00,0.04180156955848643,0.16655060361334176,0.3755558789720662,False
2021-11-17 23:00:00+00:00,0.04549993196540408,0.16655060361334176,0.3755558789720662,False
2021-11-18 23:00:00+00:00,0.058586577740201234,0.16655060361334176,0.3755558789720662,False
2021-11-21 23:00:00+00:00,0.057448405932421204,0.16655060361334176,0.3755558789720662,False
2021-11-22 23:00:00+00:00,0.06303840765277056,0.16655060361334176,0.3755558789720662,False
2021-11-23 23:00:00+00:00,0.06372214326059292,0.16655060361334176,0.3755558789720662,False
2021-11-24 23:00:00+00:00,0.06372632721318008,0.16655060361334176,0.3755558789720662,False
2021-11-25 23:00:00+00:00,0.17858091810872523,0.16655060361334176,0.3755558789720662,False
2021-11-28 23:00:00+00:00,0.17479335341001218,0.16655060361334176,0.3755558789720662,False
2021-11-29 23:00:00+00:00,0.17537882573164612,0.16655060361334176,0.3755558789720662,False
2021-11-30 23:00:00+00:00,0.19933234977933098,0.16655060361334176,0.3755558789720662,False
2021-12-01 23:00:00+00:00,0.2020870738482184,0.16655060361334176,0.3755558789720662,False
2021-12-02 23:00:00+00:00,0.20084983415067034,0.16655060361334176,0.3755558789720662,False
2021-12-05 23:00:00+00:00,0.2128400118015118,0.16655060361334176,0.3755558789720662,False
2021-12-06 23:00:00+00:00,0.22134781302921314,0.16655060361334176,0.3755558789720662,False
2021-12-07 23:00:00+00:00,0.22068587101842219,0.16655060361334176,0.3755558789720662,False
2021-12-08 23:00:00+00:00,0.22075629068626923,0.16655060361334176,0.3755558789720662,False
2021-12-09 23:00:00+00:00,0.22026480486903685,0.16655060361334176,0.3755558789720662,False
2021-12-12 23:00:00+00:00,0.2196638259742165,0.16655060361334176,0.3755558789720662,False
2021-12-13 23:00:00+00:00,0.219307656920705,0.16655060361334176,0.3755558789720662,False
2021-12-14 23:00:00+00:00,0.21936391262425947,0.16655060361334176,0.3755558789720662,False
2021-12-15 23:00:00+00:00,0.22475968562464255,0.16655060361334176,0.3755558789720662,False
2021-12-16 23:00:00+00:00,0.22395825923529167,0.16655060361334176,0.3755558789720662,False
2021-12-19 23:00:00+00:00,0.22778132941866952,0.16655060361334176,0.3755558789720662,False
2021-12-20 23:00:00+00:00,0.2351604189631331,0.16655060361334176,0.3755558789720662,False
2021-12-21 23:00:00+00:00,0.23761808032803844,0.16655060361334176,0.3755558789720662,False
2021-12-22 23:00:00+00:00,0.23989173626011978,0.16655060361334176,0.3755558789720662,False
2021-12-27 23:00:00+00:00,0.16788791231412353,0.16655060361334176,0.3755558789720662,False
2021-12-28 23:00:00+00:00,0.16911464322691414,0.16655060361334176,0.3755558789720662,False
2021-12-29 23:00:00+00:00,0.1633553363852627,0.16655060361334176,0.3755558789720662,False
2022-01-03 23:00:00+00:00,0.14752257551899778,0.16655060361334176,0.3755558789720662,False
2022-01-04 23:00:00+00:00,0.13882942703849324,0.16655060361334176,0.3755558789720662,False
2022-01-05 23:00:00+00:00,0.14176788010797825,0.16655060361334176,0.3755558789720662,False
2022-01-06 23:00:00+00:00,0.13240520203145292,0.16655060361334176,0.3755558789720662,False
2022-01-09 23:00:00+00:00,0.12849701123148255,0.16655060361334176,0.3755558789720662,False
2022-01-10 23:00:00+00:00,0.13202540014670627,0.16655060361334176,0.3755558789720662,False
2022-01-11 23:00:00+00:00,0.13170835157980587,0.16655060361334176,0.3755558789720662,False
2022-01-12 23:00:00+00:00,0.13093994212995602,0.16655060361334176,0.3755558789720662,False
2022-01-13 23:00:00+00:00,0.1316907799813119,0.16655060361334176,0.3755558789720662,False
2022-01-16 23:00:00+00:00,0.12992200259261627,0.16655060361334176,0.3755558789720662,False
2022-01-17 23:00:00+00:00,0.13604496682581982,0.16655060361334176,0.3755558789720662,False
2022-01-18 23:00:00+00:00,0.13146151666348665,0.16655060361334176,0.3755558789720662,False
2022-01-19 23:00:00+00:00,0.12838493764280395,0.16655060361334176,0.3755558789720662,False
2022-01-20 23:00:00+00:00,0.1360362776903722,0.16655060361334176,0.3755558789720662,False
2022-01-23 23:00:00+00:00,0.18219128685191605,0.16655060361334176,0.3755558789720662,False
2022-01-24 23:00:00+00:00,0.18076619674941521,0.16655060361334176,0.3755558789720662,False
2022-01-25 23:00:00+00:00,0.19400382716531925,0.16655060361334176,0.3755558789720662,False
2022-01-26 23:00:00+00:00,0.19406316875094207,0.16655060361334176,0.3755558789720662,False
2022-01-27 23:00:00+00:00,0.19969811587640945,0.16655060361334176,0.3755558789720662,False
2022-01-30 23:00:00+00:00,0.20118448964228183,0.16655060361334176,0.3755558789720662,False
2022-01-31 23:00:00+00:00,0.2008663868791535,0.16655060361334176,0.3755558789720662,False
2022-02-01 23:00:00+00:00,0.19876312757961065,0.16655060361334176,0.3755558789720662,False
2022-02-02 23:00:00+00:00,0.19939526103534286,0.16655060361334176,0.3755558789720662,False
2022-02-03 23:00:00+00:00,0.20375504375294615,0.16655060361334176,0.3755558789720662,False
2022-02-06 23:00:00+00:00,0.20316009628963166,0.16655060361334176,0.3755558789720662,False
2022-02-07 23:00:00+00:00,0.20168977215354872,0.16655060361334176,0.3755558789720662,False
2022-02-08 23:00:00+00:00,0.208527938376094,0.16655060361334176,0.3755558789720662,False
2022-02-09 23:00:00+00:00,0.20778109970651643,0.16655060361334176,0.3755558789720662,False
2022-02-10 23:00:00+00:00,0.20908580107372177,0.16655060361334176,0.3755558789720662,False
2022-02-13 23:00:00+00:00,0.2217097864084458,0.16655060361334176,0.3755558789720662,False
2022-02-14 23:00:00+00:00,0.23107117964897292,0.16655060361334176,0.3755558789720662,False
2022-02-15 23:00:00+00:00,0.23108150069150651,0.16655060361334176,0.3755558789720662,False
2022-02-16 23:00:00+00:00,0.23089174118943193,0.16655060361334176,0.3755558789720662,False
2022-02-17 23:00:00+00:00,0.22325371944972264,0.16655060361334176,0.3755558789720662,False
2022-02-20 23:00:00+00:00,0.19596635891982545,0.16655060361334176,0.3755558789720662,False
2022-02-21 23:00:00+00:00,0.1947240787035006,0.16655060361334176,0.3755558789720662,False
2022-02-22 23:00:00+00:00,0.17746275125719826,0.16655060361334176,0.3755558789720662,False
2022-02-23 23:00:00+00:00,0.22458520176501892,0.16655060361334176,0.3755558789720662,False
2022-02-24 23:00:00+00:00,0.2603500650803349,0.16655060361334176,0.3755558789720662,False
2022-02-27 23:00:00+00:00,0.26089238133523474,0.16655060361334176,0.3755558789720662,False
2022-02-28 23:00:00+00:00,0.28567848020368347,0.16655060361334176,0.3755558789720662,False
2022-03-01 23:00:00+00:00,0.2868182564558173,0.16655060361334176,0.3755558789720662,False
2022-03-02 23:00:00+00:00,0.2907385134875429,0.16655060361334176,0.3755558789720662,False
2022-03-03 23:00:00+00:00,0.32734654087973564,0.16655060361334176,0.3755558789720662,False
2022-03-06 23:00:00+00:00,0.32725531486534104,0.16655060361334176,0.3755558789720662,False
2022-03-07 23:00:00+00:00,0.3249139785562166,0.16655060361334176,0.3755558789720662,False
2022-03-08 23:00:00+00:00,0.43649708033742457,0.16655060361334176,0.3755558789720662,True
2022-03-09 23:00:00+00:00,0.4422445087238476,0.16655060361334176,0.3755558789720662,True
2022-03-10 23:00:00+00:00,0.4458457448036937,0.16655060361334176,0.3755558789720662,True
2022-03-13 23:00:00+00:00,0.45214036527160106,0.16655060361334176,0.3755558789720662,True
2022-03-14 23:00:00+00:00,0.445112602252145,0.16655060361334176,0.3755558789720662,True
2022-03-15 23:00:00+00:00,0.4687946537124303,0.16655060361334176,0.3755558789720662,True
2022-03-16 23:00:00+00:00,0.46885046554344595,0.16655060361334176,0.3755558789720662,True
2022-03-17 23:00:00+00:00,0.46876223234852127,0.16655060361334176,0.3755558789720662,True
2022-03-20 23:00:00+00:00,0.4637214957299441,0.16655060361334176,0.3755558789720662,True
2022-03-21 23:00:00+00:00,0.465950322493842,0.16655060361334176,0.3755558789720662,True
2022-03-22 23:00:00+00:00,0.4678784899384386,0.16655060361334176,0.3755558789720662,True
2022-03-23 23:00:00+00:00,0.443370195243847,0.16655060361334176,0.3755558789720662,True
2022-03-24 23:00:00+00:00,0.4241817463839348,0.16655060361334176,0.3755558789720662,True
2022-03-27 22:00:00+00:00,0.4229141321055323,0.16655060361334176,0.3755558789720662,True
2022-03-28 22:00:00+00:00,0.4106824541838364,0.16655060361334176,0.3755558789720662,True
2022-03-29 22:00:00+00:00,0.4146500076235691,0.16655060361334176,0.3755558789720662,True
2022-03-30 22:00:00+00:00,0.41068039057927247,0.16655060361334176,0.3755558789720662,True
2022-03-31 22:00:00+00:00,0.3648226420665215,0.16655060361334176,0.3755558789720662,False
2022-04-03 22:00:00+00:00,0.351821457164617,0.16655060361334176,0.3755558789720662,False
2022-04-04 22:00:00+00:00,0.3600401542892149,0.16655060361334176,0.3755558789720662,False
2022-04-05 22:00:00+00:00,0.2561158044613227,0.16655060361334176,0.3755558789720662,False
2022-04-06 22:00:00+00:00,0.23564632637097155,0.16655060361334176,0.3755558789720662,False
2022-04-07 22:00:00+00:00,0.23867970166297592,0.16655060361334176,0.3755558789720662,False
2022-04-10 22:00:00+00:00,0.2262964121655591,0.16655060361334176,0.3755558789720662,False
2022-04-11 22:00:00+00:00,0.22702087455507855,0.16655060361334176,0.3755558789720662,False
2022-04-12 22:00:00+00:00,0.18302987343110813,0.16655060361334176,0.3755558789720662,False
2022-04-13 22:00:00+00:00,0.18545624374405859,0.16655060361334176,0.3755558789720662,False
2022-04-18 22:00:00+00:00,0.18544268915949869,0.16655060361334176,0.3755558789720662,False
2022-04-19 22:00:00+00:00,0.1940425226551724,0.16655060361334176,0.3755558789720662,False
2022-04-20 22:00:00+00:00,0.19202099719633237,0.16655060361334176,0.3755558789720662,False
2022-04-21 22:00:00+00:00,0.1915818091970404,0.16655060361334176,0.3755558789720662,False
2022-04-24 22:00:00+00:00,0.1995725967448416,0.16655060361334176,0.3755558789720662,False
2022-04-25 22:00:00+00:00,0.20143499523889788,0.16655060361334176,0.3755558789720662,False
2022-04-26 22:00:00+00:00,0.20062729852332198,0.16655060361334176,0.3755558789720662,False
2022-04-27 22:00:00+00:00,0.16496115318526636,0.16655060361334176,0.3755558789720662,False
2022-04-28 22:00:00+00:00,0.16152347764766778,0.16655060361334176,0.3755558789720662,False
2022-05-03 22:00:00+00:00,0.15805774344611934,0.16655060361334176,0.3755558789720662,False
2022-05-04 22:00:00+00:00,0.16001944127950438,0.16655060361334176,0.3755558789720662,False
2022-05-05 22:00:00+00:00,0.15985557600946235,0.16655060361334176,0.3755558789720662,False
2022-05-08 22:00:00+00:00,0.16929029042955726,0.16655060361334176,0.3755558789720662,False
2022-05-09 22:00:00+00:00,0.15869271810389887,0.16655060361334176,0.3755558789720662,False
2022-05-10 22:00:00+00:00,0.1729564186774714,0.16655060361334176,0.3755558789720662,False
2022-05-11 22:00:00+00:00,0.16482256012650884,0.16655060361334176,0.3755558789720662,False
2022-05-12 22:00:00+00:00,0.1801921883546042,0.16655060361334176,0.3755558789720662,False
2022-05-15 22:00:00+00:00,0.17986905924843657,0.16655060361334176,0.3755558789720662,False
2022-05-16 22:00:00+00:00,0.1874023300623913,0.16655060361334176,0.3755558789720662,False
2022-05-17 22:00:00+00:00,0.19004075768036566,0.16655060361334176,0.3755558789720662,False
2022-05-18 22:00:00+00:00,0.19208799983781183,0.16655060361334176,0.3755558789720662,False
2022-05-19 22:00:00+00:00,0.1830397444711889,0.16655060361334176,0.3755558789720662,False
2022-05-22 22:00:00+00:00,0.18787564689741842,0.16655060361334176,0.3755558789720662,False
2022-05-23 22:00:00+00:00,0.1915819436382844,0.16655060361334176,0.3755558789720662,False
2022-05-24 22:00:00+00:00,0.1845235365885502,0.16655060361334176,0.3755558789720662,False
2022-05-25 22:00:00+00:00,0.1921417219426997,0.16655060361334176,0.3755558789720662,False
2022-05-26 22:00:00+00:00,0.1940308357538799,0.16655060361334176,0.3755558789720662,False
2022-05-29 22:00:00+00:00,0.19252343579611658,0.16655060361334176,0.3755558789720662,False
2022-05-30 22:00:00+00:00,0.19408193527429016,0.16655060361334176,0.3755558789720662,False
2022-05-31 22:00:00+00:00,0.19271997309529884,0.16655060361334176,0.3755558789720662,False
2022-06-01 22:00:00+00:00,0.19077154716825853,0.16655060361334176,0.3755558789720662,False
2022-06-02 22:00:00+00:00,0.18764351064050275,0.16655060361334176,0.3755558789720662,False
2022-06-07 22:00:00+00:00,0.16777475640025655,0.16655060361334176,0.3755558789720662,False
2022-06-08 22:00:00+00:00,0.17751879124080308,0.16655060361334176,0.3755558789720662,False
2022-06-09 22:00:00+00:00,0.19763647810228938,0.16655060361334176,0.3755558789720662,False
2022-06-12 22:00:00+00:00,0.2158252272255813,0.16655060361334176,0.3755558789720662,False
2022-06-13 22:00:00+00:00,0.20427807975345239,0.16655060361334176,0.3755558789720662,False
2022-06-14 22:00:00+00:00,0.21389173809407205,0.16655060361334176,0.3755558789720662,False
2022-06-15 22:00:00+00:00,0.22555105164063674,0.16655060361334176,0.3755558789720662,False
2022-06-16 22:00:00+00:00,0.22575027407998577,0.16655060361334176,0.3755558789720662,False
2022-06-19 22:00:00+00:00,0.22991549699711228,0.16655060361334176,0.3755558789720662,False
2022-06-20 22:00:00+00:00,0.23020761909095674,0.16655060361334176,0.3755558789720662,False
2022-06-21 22:00:00+00:00,0.22420273901668497,0.16655060361334176,0.3755558789720662,False
2022-06-22 22:00:00+00:00,0.22470996070484214,0.16655060361334176,0.3755558789720662,False
2022-06-23 22:00:00+00:00,0.24018303804938795,0.16655060361334176,0.3755558789720662,False
2022-06-26 22:00:00+00:00,0.22773205059460871,0.16655060361334176,0.3755558789720662,False
2022-06-27 22:00:00+00:00,0.2257513118655369,0.16655060361334176,0.3755558789720662,False
2022-06-28 22:00:00+00:00,0.2273849680555273,0.16655060361334176,0.3755558789720662,False
2022-06-29 22:00:00+00:00,0.23269969451433467,0.16655060361334176,0.3755558789720662,False
2022-06-30 22:00:00+00:00,0.23423696299044883,0.16655060361334176,0.3755558789720662,False
2022-07-03 22:00:00+00:00,0.22872258101474516,0.16655060361334176,0.3755558789720662,False
2022-07-04 22:00:00+00:00,0.24247150551992822,0.16655060361334176,0.3755558789720662,False
2022-07-05 22:00:00+00:00,0.25544359380946563,0.16655060361334176,0.3755558789720662,False
2022-07-06 22:00:00+00:00,0.2702929064933188,0.16655060361334176,0.3755558789720662,False
2022-07-07 22:00:00+00:00,0.26067799428491806,0.16655060361334176,0.3755558789720662,False
2022-07-10 22:00:00+00:00,0.24979062314775136,0.16655060361334176,0.3755558789720662,False
2022-07-11 22:00:00+00:00,0.2491445103444931,0.16655060361334176,0.3755558789720662,False
2022-07-12 22:00:00+00:00,0.24189522760254156,0.16655060361334176,0.3755558789720662,False
2022-07-13 22:00:00+00:00,0.22631344014289004,0.16655060361334176,0.3755558789720662,False
2022-07-14 22:00:00+00:00,0.24175619497338544,0.16655060361334176,0.3755558789720662,False
2022-07-17 22:00:00+00:00,0.24234384237186757,0.16655060361334176,0.3755558789720662,False
2022-07-18 22:00:00+00:00,0.2573606017217928,0.16655060361334176,0.3755558789720662,False
2022-07-19 22:00:00+00:00,0.25326397516077964,0.16655060361334176,0.3755558789720662,False
2022-07-20 22:00:00+00:00,0.24407845756751698,0.16655060361334176,0.3755558789720662,False
2022-07-21 22:00:00+00:00,0.23232393130697154,0.16655060361334176,0.3755558789720662,False
2022-07-24 22:00:00+00:00,0.23234724227732798,0.16655060361334176,0.3755558789720662,False
2022-07-25 22:00:00+00:00,0.23368768338851334,0.16655060361334176,0.3755558789720662,False
2022-07-26 22:00:00+00:00,0.22533294974661564,0.16655060361334176,0.3755558789720662,False
2022-07-27 22:00:00+00:00,0.21524204954231338,0.16655060361334176,0.3755558789720662,False
2022-07-28 22:00:00+00:00,0.21989865868121047,0.16655060361334176,0.3755558789720662,False
2022-07-31 22:00:00+00:00,0.2196539353193095,0.16655060361334176,0.3755558789720662,False
2022-08-01 22:00:00+00:00,0.18485818234052317,0.16655060361334176,0.3755558789720662,False
2022-08-02 22:00:00+00:00,0.18169584442284906,0.16655060361334176,0.3755558789720662,False
2022-08-03 22:00:00+00:00,0.1718908989641166,0.16655060361334176,0.3755558789720662,False
2022-08-04 22:00:00+00:00,0.17118325224297262,0.16655060361334176,0.3755558789720662,False
2022-08-07 22:00:00+00:00,0.1619416981204384,0.16655060361334176,0.3755558789720662,False
2022-08-08 22:00:00+00:00,0.16744491332778705,0.16655060361334176,0.3755558789720662,False
2022-08-09 22:00:00+00:00,0.16467511181620484,0.16655060361334176,0.3755558789720662,False
2022-08-10 22:00:00+00:00,0.14618308951657913,0.16655060361334176,0.3755558789720662,False
2022-08-11 22:00:00+00:00,0.13035768286222515,0.16655060361334176,0.3755558789720662,False
2022-08-14 22:00:00+00:00,0.12780452550826862,0.16655060361334176,0.3755558789720662,False
2022-08-15 22:00:00+00:00,0.10280926328907594,0.16655060361334176,0.3755558789720662,False
2022-08-16 22:00:00+00:00,0.12454621338026052,0.16655060361334176,0.3755558789720662,False
2022-08-17 22:00:00+00:00,0.12448613658776103,0.16655060361334176,0.3755558789720662,False
2022-08-18 22:00:00+00:00,0.13274954002305833,0.16655060361334176,0.3755558789720662,False
2022-08-21 22:00:00+00:00,0.1557640649816578,0.16655060361334176,0.3755558789720662,False
2022-08-22 22:00:00+00:00,0.15264303757343525,0.16655060361334176,0.3755558789720662,False
2022-08-23 22:00:00+00:00,0.15203686012231682,0.16655060361334176,0.3755558789720662,False
2022-08-24 22:00:00+00:00,0.1455641313928682,0.16655060361334176,0.3755558789720662,False
2022-08-25 22:00:00+00:00,0.15037745058721436,0.16655060361334176,0.3755558789720662,False
2022-08-28 22:00:00+00:00,0.15054486914041143,0.16655060361334176,0.3755558789720662,False
2022-08-29 22:00:00+00:00,0.15146643251427733,0.16655060361334176,0.3755558789720662,False
2022-08-30 22:00:00+00:00,0.14728131063847033,0.16655060361334176,0.3755558789720662,False
2022-08-31 22:00:00+00:00,0.1501602882484118,0.16655060361334176,0.3755558789720662,False
2022-09-01 22:00:00+00:00,0.18542754774649794,0.16655060361334176,0.3755558789720662,False
2022-09-04 22:00:00+00:00,0.1903278316060072,0.16655060361334176,0.3755558789720662,False
2022-09-05 22:00:00+00:00,0.19266368049322932,0.16655060361334176,0.3755558789720662,False
2022-09-06 22:00:00+00:00,0.18751484337266872,0.16655060361334176,0.3755558789720662,False
2022-09-07 22:00:00+00:00,0.18749727208780445,0.16655060361334176,0.3755558789720662,False
2022-09-08 22:00:00+00:00,0.19810136576078324,0.16655060361334176,0.3755558789720662,False
2022-09-11 22:00:00+00:00,0.21667445755565992,0.16655060361334176,0.3755558789720662,False
2022-09-12 22:00:00+00:00,0.2199268855626507,0.16655060361334176,0.3755558789720662,False
2022-09-13 22:00:00+00:00,0.21527593283179233,0.16655060361334176,0.3755558789720662,False
2022-09-14 22:00:00+00:00,0.2146829192677531,0.16655060361334176,0.3755558789720662,False
2022-09-15 22:00:00+00:00,0.21703410747216445,0.16655060361334176,0.3755558789720662,False
2022-09-18 22:00:00+00:00,0.205798933942654,0.16655060361334176,0.3755558789720662,False
2022-09-19 22:00:00+00:00,0.21177581938586643,0.16655060361334176,0.3755558789720662,False
2022-09-20 22:00:00+00:00,0.21370790052270414,0.16655060361334176,0.3755558789720662,False
2022-09-21 22:00:00+00:00,0.2195841417082791,0.16655060361334176,0.3755558789720662,False
2022-09-22 22:00:00+00:00,0.22569724912336658,0.16655060361334176,0.3755558789720662,False
2022-09-25 22:00:00+00:00,0.22576062202647984,0.16655060361334176,0.3755558789720662,False
2022-09-26 22:00:00+00:00,0.22463875770143985,0.16655060361334176,0.3755558789720662,False
2022-09-27 22:00:00+00:00,0.2241859212981641,0.16655060361334176,0.3755558789720662,False
2022-09-28 22:00:00+00:00,0.2300984578923429,0.16655060361334176,0.3755558789720662,False
2022-09-29 22:00:00+00:00,0.21223886521555282,0.16655060361334176,0.3755558789720662,False
2022-10-02 22:00:00+00:00,0.2092503409902741,0.16655060361334176,0.3755558789720662,False
2022-10-03 22:00:00+00:00,0.2534539927407645,0.16655060361334176,0.3755558789720662,False
2022-10-04 22:00:00+00:00,0.25619352803645246,0.16655060361334176,0.3755558789720662,False
2022-10-05 22:00:00+00:00,0.2566566093661883,0.16655060361334176,0.3755558789720662,False
2022-10-06 22:00:00+00:00,0.2503297881966993,0.16655060361334176,0.3755558789720662,False
2022-10-09 22:00:00+00:00,0.23152224865414656,0.16655060361334176,0.3755558789720662,False
2022-10-10 22:00:00+00:00,0.22838360208855304,0.16655060361334176,0.3755558789720662,False
2022-10-11 22:00:00+00:00,0.22725263031827553,0.16655060361334176,0.3755558789720662,False
2022-10-12 22:00:00+00:00,0.23803830809221324,0.16655060361334176,0.3755558789720662,False
2022-10-13 22:00:00+00:00,0.2366536277485476,0.16655060361334176,0.3755558789720662,False
2022-10-16 22:00:00+00:00,0.24853468070860985,0.16655060361334176,0.3755558789720662,False
2022-10-17 22:00:00+00:00,0.24469460306495328,0.16655060361334176,0.3755558789720662,False
2022-10-18 22:00:00+00:00,0.2437667329018083,0.16655060361334176,0.3755558789720662,False
2022-10-19 22:00:00+00:00,0.23612866277365585,0.16655060361334176,0.3755558789720662,False
2022-10-20 22:00:00+00:00,0.2163016609402702,0.16655060361334176,0.3755558789720662,False
2022-10-23 22:00:00+00:00,0.22018968857045426,0.16655060361334176,0.3755558789720662,False
2022-10-24 22:00:00+00:00,0.22072577558428255,0.16655060361334176,0.3755558789720662,False
2022-10-27 22:00:00+00:00,0.22084025063579357,0.16655060361334176,0.3755558789720662,False
2022-10-30 23:00:00+00:00,0.20021022083774845,0.16655060361334176,0.3755558789720662,False
2022-10-31 23:00:00+00:00,0.19687868094786795,0.16655060361334176,0.3755558789720662,False
2022-11-01 23:00:00+00:00,0.20039180186029895,0.16655060361334176,0.3755558789720662,False
2022-11-02 23:00:00+00:00,0.15955433953395762,0.16655060361334176,0.3755558789720662,False
2022-11-03 23:00:00+00:00,0.1783917524123542,0.16655060361334176,0.3755558789720662,False
2022-11-06 23:00:00+00:00,0.17347479622404918,0.16655060361334176,0.3755558789720662,False
2022-11-07 23:00:00+00:00,0.16129708778007437,0.16655060361334176,0.3755558789720662,False
2022-11-08 23:00:00+00:00,0.16300065155518612,0.16655060361334176,0.3755558789720662,False
2022-11-09 23:00:00+00:00,0.16789447194587845,0.16655060361334176,0.3755558789720662,False
2022-11-10 23:00:00+00:00,0.1610579803986003,0.16655060361334176,0.3755558789720662,False
2022-11-13 23:00:00+00:00,0.15745664352305586,0.16655060361334176,0.3755558789720662,False
2022-11-14 23:00:00+00:00,0.15741674194013236,0.16655060361334176,0.3755558789720662,False
2022-11-15 23:00:00+00:00,0.15847195463768846,0.16655060361334176,0.3755558789720662,False
2022-11-16 23:00:00+00:00,0.16039326604384266,0.16655060361334176,0.3755558789720662,False
2022-11-17 23:00:00+00:00,0.16128077073081906,0.16655060361334176,0.3755558789720662,False
2022-11-20 23:00:00+00:00,0.16322280754207347,0.16655060361334176,0.3755558789720662,False
2022-11-21 23:00:00+00:00,0.1582968997435581,0.16655060361334176,0.3755558789720662,False
2022-11-22 23:00:00+00:00,0.15320588859165732,0.16655060361334176,0.3755558789720662,False
2022-11-23 23:00:00+00:00,0.15063354290495626,0.16655060361334176,0.3755558789720662,False
2022-11-24 23:00:00+00:00,0.15079928584889957,0.16655060361334176,0.3755558789720662,False
2022-11-27 23:00:00+00:00,0.15581006706662098,0.16655060361334176,0.3755558789720662,False
2022-11-28 23:00:00+00:00,0.15584594776926372,0.16655060361334176,0.3755558789720662,False
2022-11-29 23:00:00+00:00,0.1508406686377599,0.16655060361334176,0.3755558789720662,False
2022-11-30 23:00:00+00:00,0.1412389840772558,0.16655060361334176,0.3755558789720662,False
2022-12-01 23:00:00+00:00,0.10697648679421906,0.16655060361334176,0.3755558789720662,False
2022-12-04 23:00:00+00:00,0.11250967733671549,0.16655060361334176,0.3755558789720662,False
2022-12-05 23:00:00+00:00,0.1123773298428324,0.16655060361334176,0.3755558789720662,False
2022-12-06 23:00:00+00:00,0.11532215551412595,0.16655060361334176,0.3755558789720662,False
2022-12-07 23:00:00+00:00,0.09254641359705543,0.16655060361334176,0.3755558789720662,False
2022-12-08 23:00:00+00:00,0.09305781128414282,0.16655060361334176,0.3755558789720662,False
2022-12-11 23:00:00+00:00,0.09445277300035033,0.16655060361334176,0.3755558789720662,False
2022-12-12 23:00:00+00:00,0.10236627433787795,0.16655060361334176,0.3755558789720662,False
2022-12-13 23:00:00+00:00,0.09638599120075651,0.16655060361334176,0.3755558789720662,False
2022-12-14 23:00:00+00:00,0.14234398167427492,0.16655060361334176,0.3755558789720662,False
2022-12-15 23:00:00+00:00,0.1367233877010128,0.16655060361334176,0.3755558789720662,False
2022-12-18 23:00:00+00:00,0.13753320928131604,0.16655060361334176,0.3755558789720662,False
2022-12-19 23:00:00+00:00,0.13696514311321217,0.16655060361334176,0.3755558789720662,False
2022-12-20 23:00:00+00:00,0.15448429463556634,0.16655060361334176,0.3755558789720662,False
2022-12-21 23:00:00+00:00,0.15511923700573324,0.16655060361334176,0.3755558789720662,False
2022-12-22 23:00:00+00:00,0.15553204158788056,0.16655060361334176,0.3755558789720662,False
2022-12-26 23:00:00+00:00,0.15508653250138058,0.16655060361334176,0.3755558789720662,False
2022-12-27 23:00:00+00:00,0.15585390577541014,0.16655060361334176,0.3755558789720662,False
2022-12-28 23:00:00+00:00,0.15995119268115338,0.16655060361334176,0.3755558789720662,False
2022-12-29 23:00:00+00:00,0.16299854916749396,0.16655060361334176,0.3755558789720662,False
2023-01-01 23:00:00+00:00,0.17782658215746136,0.16655060361334176,0.3755558789720662,False
2023-01-02 23:00:00+00:00,0.1791287481915622,0.16655060361334176,0.3755558789720662,False
2023-01-03 23:00:00+00:00,0.1994979544859037,0.16655060361334176,0.3755558789720662,False
2023-01-04 23:00:00+00:00,0.19775029174756972,0.16655060361334176,0.3755558789720662,False
2023-01-05 23:00:00+00:00,0.20126662946746618,0.16655060361334176,0.3755558789720662,False
2023-01-08 23:00:00+00:00,0.2014504456581501,0.16655060361334176,0.3755558789720662,False
2023-01-09 23:00:00+00:00,0.19982114925184336,0.16655060361334176,0.3755558789720662,False
2023-01-10 23:00:00+00:00,0.1977305882587874,0.16655060361334176,0.3755558789720662,False
2023-01-11 23:00:00+00:00,0.19877574349090696,0.16655060361334176,0.3755558789720662,False
2023-01-12 23:00:00+00:00,0.16060698740790916,0.16655060361334176,0.3755558789720662,False
2023-01-15 23:00:00+00:00,0.15345262423533518,0.16655060361334176,0.3755558789720662,False
2023-01-16 23:00:00+00:00,0.15351879174343228,0.16655060361334176,0.3755558789720662,False
2023-01-17 23:00:00+00:00,0.15099725216809007,0.16655060361334176,0.3755558789720662,False
2023-01-18 23:00:00+00:00,0.16260116576513686,0.16655060361334176,0.3755558789720662,False
2023-01-19 23:00:00+00:00,0.15381801001058018,0.16655060361334176,0.3755558789720662,False
2023-01-22 23:00:00+00:00,0.15379073286664574,0.16655060361334176,0.3755558789720662,False
2023-01-23 23:00:00+00:00,0.15400468685322652,0.16655060361334176,0.3755558789720662,False
2023-01-24 23:00:00+00:00,0.15101295044657098,0.16655060361334176,0.3755558789720662,False
2023-01-25 23:00:00+00:00,0.1497926072851606,0.16655060361334176,0.3755558789720662,False
2023-01-26 23:00:00+00:00,0.13692830810992987,0.16655060361334176,0.3755558789720662,False
2023-01-29 23:00:00+00:00,0.12860247286506432,0.16655060361334176,0.3755558789720662,False
2023-01-30 23:00:00+00:00,0.1284727423354212,0.16655060361334176,0.3755558789720662,False
2023-01-31 23:00:00+00:00,0.10168197424955329,0.16655060361334176,0.3755558789720662,False
2023-02-01 23:00:00+00:00,0.11372577287810132,0.16655060361334176,0.3755558789720662,False
2023-02-02 23:00:00+00:00,0.10857383474914085,0.16655060361334176,0.3755558789720662,False
2023-02-05 23:00:00+00:00,0.1187963557109758,0.16655060361334176,0.3755558789720662,False
2023-02-06 23:00:00+00:00,0.11738933704008357,0.16655060361334176,0.3755558789720662,False
2023-02-07 23:00:00+00:00,0.11485891501776119,0.16655060361334176,0.3755558789720662,False
2023-02-08 23:00:00+00:00,0.11466986232482264,0.16655060361334176,0.3755558789720662,False
2023-02-09 23:00:00+00:00,0.12564934907470737,0.16655060361334176,0.3755558789720662,False
2023-02-12 23:00:00+00:00,0.1260135762952545,0.16655060361334176,0.3755558789720662,False
2023-02-13 23:00:00+00:00,0.12592063759960584,0.16655060361334176,0.3755558789720662,False
2023-02-14 23:00:00+00:00,0.13155380268203593,0.16655060361334176,0.3755558789720662,False
2023-02-15 23:00:00+00:00,0.11037483379603402,0.16655060361334176,0.3755558789720662,False
2023-02-16 23:00:00+00:00,0.11054372050532399,0.16655060361334176,0.3755558789720662,False
2023-02-19 23:00:00+00:00,0.11035173163310763,0.16655060361334176,0.3755558789720662,False
2023-02-20 23:00:00+00:00,0.1126562721068052,0.16655060361334176,0.3755558789720662,False
2023-02-21 23:00:00+00:00,0.11339408178962751,0.16655060361334176,0.3755558789720662,False
2023-02-22 23:00:00+00:00,0.11213653455346712,0.16655060361334176,0.3755558789720662,False
2023-02-23 23:00:00+00:00,0.124118048061775,0.16655060361334176,0.3755558789720662,False
2023-02-26 23:00:00+00:00,0.12958584623833966,0.16655060361334176,0.3755558789720662,False
2023-02-27 23:00:00+00:00,0.12991659589714377,0.16655060361334176,0.3755558789720662,False
2023-02-28 23:00:00+00:00,0.1308789713893077,0.16655060361334176,0.3755558789720662,False
2023-03-01 23:00:00+00:00,0.11543613502496612,0.16655060361334176,0.3755558789720662,False
2023-03-02 23:00:00+00:00,0.12330748233597845,0.16655060361334176,0.3755558789720662,False
2023-03-05 23:00:00+00:00,0.1142421117776184,0.16655060361334176,0.3755558789720662,False
2023-03-06 23:00:00+00:00,0.11770117306696684,0.16655060361334176,0.3755558789720662,False
2023-03-07 23:00:00+00:00,0.11773103209555576,0.16655060361334176,0.3755558789720662,False
2023-03-08 23:00:00+00:00,0.11460562146191745,0.16655060361334176,0.3755558789720662,False
2023-03-09 23:00:00+00:00,0.1174964951749516,0.16655060361334176,0.3755558789720662,False
2023-03-12 23:00:00+00:00,0.15675987827850002,0.16655060361334176,0.3755558789720662,False
2023-03-13 23:00:00+00:00,0.16735144971157348,0.16655060361334176,0.3755558789720662,False
2023-03-14 23:00:00+00:00,0.20315564469633646,0.16655060361334176,0.3755558789720662,False
2023-03-15 23:00:00+00:00,0.20977895547940967,0.16655060361334176,0.3755558789720662,False
2023-03-16 23:00:00+00:00,0.21331668377443652,0.16655060361334176,0.3755558789720662,False
2023-03-19 23:00:00+00:00,0.2188615985533335,0.16655060361334176,0.3755558789720662,False
2023-03-20 23:00:00+00:00,0.23087517571973445,0.16655060361334176,0.3755558789720662,False
2023-03-21 23:00:00+00:00,0.2311044109177026,0.16655060361334176,0.3755558789720662,False
2023-03-22 23:00:00+00:00,0.2305688527489688,0.16655060361334176,0.3755558789720662,False
2023-03-23 23:00:00+00:00,0.23672033977759532,0.16655060361334176,0.3755558789720662,False
2023-03-26 22:00:00+00:00,0.23649739726654917,0.16655060361334176,0.3755558789720662,False
2023-03-27 22:00:00+00:00,0.2365859221890883,0.16655060361334176,0.3755558789720662,False
2023-03-28 22:00:00+00:00,0.2446071317794617,0.16655060361334176,0.3755558789720662,False
2023-03-29 22:00:00+00:00,0.24995370682578022,0.16655060361334176,0.3755558789720662,False
2023-03-30 22:00:00+00:00,0.24651973569643237,0.16655060361334176,0.3755558789720662,False
2023-04-02 22:00:00+00:00,0.24630885009220216,0.16655060361334176,0.3755558789720662,False
2023-04-03 22:00:00+00:00,0.2452684520805848,0.16655060361334176,0.3755558789720662,False
2023-04-04 22:00:00+00:00,0.24648472616645842,0.16655060361334176,0.3755558789720662,False
2023-04-05 22:00:00+00:00,0.24770663174390195,0.16655060361334176,0.3755558789720662,False
2023-04-10 22:00:00+00:00,0.24400904215954353,0.16655060361334176,0.3755558789720662,False
2023-04-11 22:00:00+00:00,0.2160858230690384,0.16655060361334176,0.3755558789720662,False
2023-04-12 22:00:00+00:00,0.2105026548030759,0.16655060361334176,0.3755558789720662,False
2023-04-13 22:00:00+00:00,0.1560732954824764,0.16655060361334176,0.3755558789720662,False
2023-04-16 22:00:00+00:00,0.15099876471596976,0.16655060361334176,0.3755558789720662,False
2023-04-17 22:00:00+00:00,0.1383282292448299,0.16655060361334176,0.3755558789720662,False
2023-04-18 22:00:00+00:00,0.1364576328168916,0.16655060361334176,0.3755558789720662,False
2023-04-19 22:00:00+00:00,0.13087788071061054,0.16655060361334176,0.3755558789720662,False
2023-04-20 22:00:00+00:00,0.13086669094163217,0.16655060361334176,0.3755558789720662,False
2023-04-23 22:00:00+00:00,0.13049500810330514,0.16655060361334176,0.3755558789720662,False
2023-04-24 22:00:00+00:00,0.10263288634360271,0.16655060361334176,0.3755558789720662,False
2023-04-25 22:00:00+00:00,0.10051883227735714,0.16655060361334176,0.3755558789720662,False
2023-04-26 22:00:00+00:00,0.10037903320191227,0.16655060361334176,0.3755558789720662,False
2023-04-27 22:00:00+00:00,0.0905725233025555,0.16655060361334176,0.3755558789720662,False
2023-05-01 22:00:00+00:00,0.09166634968242753,0.16655060361334176,0.3755558789720662,False
2023-05-02 22:00:00+00:00,0.08914230625045294,0.16655060361334176,0.3755558789720662,False
2023-05-03 22:00:00+00:00,0.0974722173222425,0.16655060361334176,0.3755558789720662,False
2023-05-04 22:00:00+00:00,0.11190533380562674,0.16655060361334176,0.3755558789720662,False
2023-05-07 22:00:00+00:00,0.10698305488519386,0.16655060361334176,0.3755558789720662,False
2023-05-08 22:00:00+00:00,0.10543161838066446,0.16655060361334176,0.3755558789720662,False
2023-05-09 22:00:00+00:00,0.1025241782429897,0.16655060361334176,0.3755558789720662,False
2023-05-10 22:00:00+00:00,0.10250567758236605,0.16655060361334176,0.3755558789720662,False
2023-05-11 22:00:00+00:00,0.10378476899457521,0.16655060361334176,0.3755558789720662,False
2023-05-14 22:00:00+00:00,0.10213584030004474,0.16655060361334176,0.3755558789720662,False
2023-05-15 22:00:00+00:00,0.10279097410983475,0.16655060361334176,0.3755558789720662,False
2023-05-16 22:00:00+00:00,0.09908682709111559,0.16655060361334176,0.3755558789720662,False
2023-05-17 22:00:00+00:00,0.10423146230116515,0.16655060361334176,0.3755558789720662,False
2023-05-18 22:00:00+00:00,0.10067963510230715,0.16655060361334176,0.3755558789720662,False
2023-05-21 22:00:00+00:00,0.10053608799587255,0.16655060361334176,0.3755558789720662,False
2023-05-22 22:00:00+00:00,0.10326063091658616,0.16655060361334176,0.3755558789720662,False
2023-05-23 22:00:00+00:00,0.1234031729480521,0.16655060361334176,0.3755558789720662,False
2023-05-24 22:00:00+00:00,0.12443416738513789,0.16655060361334176,0.3755558789720662,False
2023-05-25 22:00:00+00:00,0.12964411419697802,0.16655060361334176,0.3755558789720662,False
2023-05-28 22:00:00+00:00,0.1255955828715376,0.16655060361334176,0.3755558789720662,False
2023-05-29 22:00:00+00:00,0.12028279452290505,0.16655060361334176,0.3755558789720662,False
2023-05-30 22:00:00+00:00,0.1311306871302218,0.16655060361334176,0.3755558789720662,False
2023-05-31 22:00:00+00:00,0.12978845198439312,0.16655060361334176,0.3755558789720662,False
2023-06-01 22:00:00+00:00,0.13474792224046622,0.16655060361334176,0.3755558789720662,False
2023-06-04 22:00:00+00:00,0.13632763540942103,0.16655060361334176,0.3755558789720662,False
2023-06-05 22:00:00+00:00,0.13669651256897278,0.16655060361334176,0.3755558789720662,False
2023-06-06 22:00:00+00:00,0.13646281665746807,0.16655060361334176,0.3755558789720662,False
2023-06-07 22:00:00+00:00,0.13689129273847878,0.16655060361334176,0.3755558789720662,False
2023-06-08 22:00:00+00:00,0.13542550613460017,0.16655060361334176,0.3755558789720662,False
2023-06-11 22:00:00+00:00,0.13765522813602057,0.16655060361334176,0.3755558789720662,False
2023-06-12 22:00:00+00:00,0.13931379719760853,0.16655060361334176,0.3755558789720662,False
2023-06-13 22:00:00+00:00,0.14085978340312005,0.16655060361334176,0.3755558789720662,False
2023-06-14 22:00:00+00:00,0.13894247819677225,0.16655060361334176,0.3755558789720662,False
2023-06-15 22:00:00+00:00,0.13992288232850655,0.16655060361334176,0.3755558789720662,False
2023-06-20 22:00:00+00:00,0.14037536118783547,0.16655060361334176,0.3755558789720662,False
2023-06-21 22:00:00+00:00,0.1400870804139835,0.16655060361334176,0.3755558789720662,False
2023-06-22 22:00:00+00:00,0.1217001391591243,0.16655060361334176,0.3755558789720662,False
2023-06-25 22:00:00+00:00,0.11887325352340367,0.16655060361334176,0.3755558789720662,False
2023-06-26 22:00:00+00:00,0.11492671222079416,0.16655060361334176,0.3755558789720662,False
2023-06-27 22:00:00+00:00,0.11759934367450896,0.16655060361334176,0.3755558789720662,False
2023-06-28 22:00:00+00:00,0.11407142724063332,0.16655060361334176,0.3755558789720662,False
2023-06-29 22:00:00+00:00,0.09882720049107767,0.16655060361334176,0.3755558789720662,False
2023-07-02 22:00:00+00:00,0.0976115671994364,0.16655060361334176,0.3755558789720662,False
2023-07-03 22:00:00+00:00,0.08044148822641667,0.16655060361334176,0.3755558789720662,False
2023-07-04 22:00:00+00:00,0.0823412790816853,0.16655060361334176,0.3755558789720662,False
2023-07-05 22:00:00+00:00,0.13610750439421168,0.16655060361334176,0.3755558789720662,False
2023-07-06 22:00:00+00:00,0.13703572993953272,0.16655060361334176,0.3755558789720662,False
2023-07-09 22:00:00+00:00,0.13681253551482406,0.16655060361334176,0.3755558789720662,False
2023-07-12 22:00:00+00:00,0.13856027374296123,0.16655060361334176,0.3755558789720662,False
2023-07-13 22:00:00+00:00,0.13661663163771595,0.16655060361334176,0.3755558789720662,False
2023-07-16 22:00:00+00:00,0.13534944693126827,0.16655060361334176,0.3755558789720662,False
2023-07-17 22:00:00+00:00,0.13469036583585026,0.16655060361334176,0.3755558789720662,False
2023-07-18 22:00:00+00:00,0.13422478762673773,0.16655060361334176,0.3755558789720662,False
2023-07-19 22:00:00+00:00,0.1345928781249496,0.16655060361334176,0.3755558789720662,False
2023-07-20 22:00:00+00:00,0.13431417232001697,0.16655060361334176,0.3755558789720662,False
2023-07-23 22:00:00+00:00,0.1325628248516598,0.16655060361334176,0.3755558789720662,False
2023-07-24 22:00:00+00:00,0.13163168164198655,0.16655060361334176,0.3755558789720662,False
2023-07-25 22:00:00+00:00,0.13282445000479634,0.16655060361334176,0.3755558789720662,False
2023-07-26 22:00:00+00:00,0.14102023054067403,0.16655060361334176,0.3755558789720662,False
2023-07-27 22:00:00+00:00,0.13818350526942275,0.16655060361334176,0.3755558789720662,False
2023-07-30 22:00:00+00:00,0.13830420187189263,0.16655060361334176,0.3755558789720662,False
2023-07-31 22:00:00+00:00,0.13551564865453736,0.16655060361334176,0.3755558789720662,False
2023-08-01 22:00:00+00:00,0.14163937462239612,0.16655060361334176,0.3755558789720662,False
2023-08-02 22:00:00+00:00,0.14268784445245603,0.16655060361334176,0.3755558789720662,False
2023-08-03 22:00:00+00:00,0.14198253958375293,0.16655060361334176,0.3755558789720662,False
2023-08-06 22:00:00+00:00,0.0957065381063974,0.16655060361334176,0.3755558789720662,False
2023-08-07 22:00:00+00:00,0.0992061046388574,0.16655060361334176,0.3755558789720662,False
2023-08-08 22:00:00+00:00,0.10020657873998179,0.16655060361334176,0.3755558789720662,False
2023-08-09 22:00:00+00:00,0.10465461629400696,0.16655060361334176,0.3755558789720662,False
2023-08-10 22:00:00+00:00,0.11194308757690481,0.16655060361334176,0.3755558789720662,False
2023-08-13 22:00:00+00:00,0.1107788236736796,0.16655060361334176,0.3755558789720662,False
2023-08-14 22:00:00+00:00,0.11392109241061935,0.16655060361334176,0.3755558789720662,False
2023-08-15 22:00:00+00:00,0.11316642116413494,0.16655060361334176,0.3755558789720662,False
2023-08-16 22:00:00+00:00,0.11091996816560942,0.16655060361334176,0.3755558789720662,False
2023-08-17 22:00:00+00:00,0.1106531794786818,0.16655060361334176,0.3755558789720662,False
2023-08-20 22:00:00+00:00,0.11119260993155991,0.16655060361334176,0.3755558789720662,False
2023-08-21 22:00:00+00:00,0.11429192623928316,0.16655060361334176,0.3755558789720662,False
2023-08-22 22:00:00+00:00,0.11399344222506315,0.16655060361334176,0.3755558789720662,False
2023-08-23 22:00:00+00:00,0.09911223354748057,0.16655060361334176,0.3755558789720662,False
2023-08-24 22:00:00+00:00,0.09855781924692628,0.16655060361334176,0.3755558789720662,False
2023-08-27 22:00:00+00:00,0.10894903293724287,0.16655060361334176,0.3755558789720662,False
2023-08-28 22:00:00+00:00,0.10972038365596544,0.16655060361334176,0.3755558789720662,False
2023-08-29 22:00:00+00:00,0.1009315117170971,0.16655060361334176,0.3755558789720662,False
2023-08-30 22:00:00+00:00,0.0983184038710603,0.16655060361334176,0.3755558789720662,False
2023-08-31 22:00:00+00:00,0.0985158146498465,0.16655060361334176,0.3755558789720662,False
2023-09-03 22:00:00+00:00,0.09892518899172156,0.16655060361334176,0.3755558789720662,False
2023-09-04 22:00:00+00:00,0.09615681508996192,0.16655060361334176,0.3755558789720662,False
2023-09-05 22:00:00+00:00,0.09497803604130979,0.16655060361334176,0.3755558789720662,False
2023-09-06 22:00:00+00:00,0.08546195097602424,0.16655060361334176,0.3755558789720662,False
2023-09-07 22:00:00+00:00,0.0785230943193357,0.16655060361334176,0.3755558789720662,False
2023-09-10 22:00:00+00:00,0.08003172564564676,0.16655060361334176,0.3755558789720662,False
2023-09-11 22:00:00+00:00,0.07407275067303512,0.16655060361334176,0.3755558789720662,False
2023-09-12 22:00:00+00:00,0.07509381337453083,0.16655060361334176,0.3755558789720662,False
2023-09-17 22:00:00+00:00,0.08753477509418567,0.16655060361334176,0.3755558789720662,False
2023-09-18 22:00:00+00:00,0.08671183810668656,0.16655060361334176,0.3755558789720662,False
2023-09-19 22:00:00+00:00,0.09024819326489128,0.16655060361334176,0.3755558789720662,False
2023-09-20 22:00:00+00:00,0.09794569112147192,0.16655060361334176,0.3755558789720662,False
2023-09-21 22:00:00+00:00,0.0984483097898253,0.16655060361334176,0.3755558789720662,False
2023-09-24 22:00:00+00:00,0.10161623797636556,0.16655060361334176,0.3755558789720662,False
2023-09-25 22:00:00+00:00,0.10383011909927223,0.16655060361334176,0.3755558789720662,False
2023-09-26 22:00:00+00:00,0.09173498050347006,0.16655060361334176,0.3755558789720662,False
2023-09-27 22:00:00+00:00,0.09035633365853844,0.16655060361334176,0.3755558789720662,False
2023-09-28 22:00:00+00:00,0.09391053900356885,0.16655060361334176,0.3755558789720662,False
2023-10-01 22:00:00+00:00,0.09787267059313982,0.16655060361334176,0.3755558789720662,False
2023-10-02 22:00:00+00:00,0.10315264392711307,0.16655060361334176,0.3755558789720662,False
2023-10-03 22:00:00+00:00,0.10403181941386276,0.16655060361334176,0.3755558789720662,False
2023-10-04 22:00:00+00:00,0.10505328074576979,0.16655060361334176,0.3755558789720662,False
2023-10-05 22:00:00+00:00,0.11487024255334648,0.16655060361334176,0.3755558789720662,False
2023-10-10 22:00:00+00:00,0.1150530406943048,0.16655060361334176,0.3755558789720662,False
2023-10-11 22:00:00+00:00,0.11290467968515455,0.16655060361334176,0.3755558789720662,False
2023-10-12 22:00:00+00:00,0.11475677639603682,0.16655060361334176,0.3755558789720662,False
2023-10-15 22:00:00+00:00,0.11703185122140469,0.16655060361334176,0.3755558789720662,False
2023-10-16 22:00:00+00:00,0.11736954987495148,0.16655060361334176,0.3755558789720662,False
2023-10-17 22:00:00+00:00,0.11354888852096681,0.16655060361334176,0.3755558789720662,False
2023-10-18 22:00:00+00:00,0.11291583616535374,0.16655060361334176,0.3755558789720662,False
2023-10-19 22:00:00+00:00,0.11161336490460837,0.16655060361334176,0.3755558789720662,False
2023-10-22 22:00:00+00:00,0.10958614227949776,0.16655060361334176,0.3755558789720662,False
2023-10-23 22:00:00+00:00,0.11430739379433548,0.16655060361334176,0.3755558789720662,False
2023-10-24 22:00:00+00:00,0.11314255754313982,0.16655060361334176,0.3755558789720662,False
2023-10-29 23:00:00+00:00,0.112592365496683,0.16655060361334176,0.3755558789720662,False
2023-10-30 23:00:00+00:00,0.12066466151274322,0.16655060361334176,0.3755558789720662,False
2023-10-31 23:00:00+00:00,0.12086974506605096,0.16655060361334176,0.3755558789720662,False
2023-11-01 23:00:00+00:00,0.13634203727152472,0.16655060361334176,0.3755558789720662,False
2023-11-02 23:00:00+00:00,0.13390197115230584,0.16655060361334176,0.3755558789720662,False
2023-11-05 23:00:00+00:00,0.12839523184610124,0.16655060361334176,0.3755558789720662,False
2023-11-06 23:00:00+00:00,0.1283863374308644,0.16655060361334176,0.3755558789720662,False
2023-11-07 23:00:00+00:00,0.12660380357974851,0.16655060361334176,0.3755558789720662,False
2023-11-08 23:00:00+00:00,0.12668196479152904,0.16655060361334176,0.3755558789720662,False
2023-11-09 23:00:00+00:00,0.13117034769207758,0.16655060361334176,0.3755558789720662,False
2023-11-12 23:00:00+00:00,0.13255511672350395,0.16655060361334176,0.3755558789720662,False
2023-11-13 23:00:00+00:00,0.13715935403839485,0.16655060361334176,0.3755558789720662,False
2023-11-14 23:00:00+00:00,0.13722462659162027,0.16655060361334176,0.3755558789720662,False
2023-11-15 23:00:00+00:00,0.1373607647178936,0.16655060361334176,0.3755558789720662,False
2023-11-16 23:00:00+00:00,0.13004333982823219,0.16655060361334176,0.3755558789720662,False
2023-11-19 23:00:00+00:00,0.12601971179046922,0.16655060361334176,0.3755558789720662,False
2023-11-20 23:00:00+00:00,0.10957549455165462,0.16655060361334176,0.3755558789720662,False
2023-11-21 23:00:00+00:00,0.10937355315193122,0.16655060361334176,0.3755558789720662,False
2023-11-22 23:00:00+00:00,0.10966229228244728,0.16655060361334176,0.3755558789720662,False
2023-11-23 23:00:00+00:00,0.10871396697296574,0.16655060361334176,0.3755558789720662,False
2023-11-26 23:00:00+00:00,0.11161055547478296,0.16655060361334176,0.3755558789720662,False
2023-11-27 23:00:00+00:00,0.10998463189901667,0.16655060361334176,0.3755558789720662,False
2023-11-28 23:00:00+00:00,0.11043032382258278,0.16655060361334176,0.3755558789720662,False
2023-11-29 23:00:00+00:00,0.0983406487464166,0.16655060361334176,0.3755558789720662,False
2023-11-30 23:00:00+00:00,0.09980149044279768,0.16655060361334176,0.3755558789720662,False
2023-12-03 23:00:00+00:00,0.0960047638287828,0.16655060361334176,0.3755558789720662,False
2023-12-04 23:00:00+00:00,0.09527455513226138,0.16655060361334176,0.3755558789720662,False
2023-12-05 23:00:00+00:00,0.09616843350457067,0.16655060361334176,0.3755558789720662,False
2023-12-06 23:00:00+00:00,0.0942957825500667,0.16655060361334176,0.3755558789720662,False
2023-12-07 23:00:00+00:00,0.08464774118966087,0.16655060361334176,0.3755558789720662,False
2023-12-10 23:00:00+00:00,0.08437772822128523,0.16655060361334176,0.3755558789720662,False
2023-12-11 23:00:00+00:00,0.06299973777963104,0.16655060361334176,0.3755558789720662,False
2023-12-12 23:00:00+00:00,0.06610788051050014,0.16655060361334176,0.3755558789720662,False
2023-12-13 23:00:00+00:00,0.07388219389236086,0.16655060361334176,0.3755558789720662,False
2023-12-14 23:00:00+00:00,0.07110608072935769,0.16655060361334176,0.3755558789720662,False
2023-12-17 23:00:00+00:00,0.07488915985506818,0.16655060361334176,0.3755558789720662,False
2023-12-18 23:00:00+00:00,0.07308686212097802,0.16655060361334176,0.3755558789720662,False
2023-12-19 23:00:00+00:00,0.07300558053119202,0.16655060361334176,0.3755558789720662,False
2023-12-20 23:00:00+00:00,0.0742447104290161,0.16655060361334176,0.3755558789720662,False
2023-12-21 23:00:00+00:00,0.07472169486724446,0.16655060361334176,0.3755558789720662,False
2023-12-26 23:00:00+00:00,0.07188269430709207,0.16655060361334176,0.3755558789720662,False
2023-12-27 23:00:00+00:00,0.07449663515849456,0.16655060361334176,0.3755558789720662,False
2023-12-28 23:00:00+00:00,0.07209661145493029,0.16655060361334176,0.3755558789720662,False
2024-01-01 23:00:00+00:00,0.0719619396346493,0.16655060361334176,0.3755558789720662,False
2024-01-02 23:00:00+00:00,0.08890380356505467,0.16655060361334176,0.3755558789720662,False
2024-01-03 23:00:00+00:00,0.09056790061914986,0.16655060361334176,0.3755558789720662,False
2024-01-04 23:00:00+00:00,0.08960278020659605,0.16655060361334176,0.3755558789720662,False
2024-01-07 23:00:00+00:00,0.0878876214202697,0.16655060361334176,0.3755558789720662,False
2024-01-08 23:00:00+00:00,0.08796959798444154,0.16655060361334176,0.3755558789720662,False
2024-01-09 23:00:00+00:00,0.08305864924816418,0.16655060361334176,0.3755558789720662,False
2024-01-10 23:00:00+00:00,0.08748874066172928,0.16655060361334176,0.3755558789720662,False
2024-01-11 23:00:00+00:00,0.09237604022843146,0.16655060361334176,0.3755558789720662,False
2024-01-14 23:00:00+00:00,0.09314143201719041,0.16655060361334176,0.3755558789720662,False
2024-01-15 23:00:00+00:00,0.08161973120330153,0.16655060361334176,0.3755558789720662,False
2024-01-16 23:00:00+00:00,0.08765003912761536,0.16655060361334176,0.3755558789720662,False
2024-01-17 23:00:00+00:00,0.09160469428648807,0.16655060361334176,0.3755558789720662,False
2024-01-18 23:00:00+00:00,0.09070928091911208,0.16655060361334176,0.3755558789720662,False
2024-01-21 23:00:00+00:00,0.09597347091224175,0.16655060361334176,0.3755558789720662,False
2024-01-22 23:00:00+00:00,0.09596039278652099,0.16655060361334176,0.3755558789720662,False
2024-01-23 23:00:00+00:00,0.10110045144370744,0.16655060361334176,0.3755558789720662,False
2024-01-24 23:00:00+00:00,0.10106320471271603,0.16655060361334176,0.3755558789720662,False
2024-01-25 23:00:00+00:00,0.1066122678051572,0.16655060361334176,0.3755558789720662,False
2024-01-28 23:00:00+00:00,0.10675947326026454,0.16655060361334176,0.3755558789720662,False
2024-01-29 23:00:00+00:00,0.10689345710609255,0.16655060361334176,0.3755558789720662,False
2024-01-30 23:00:00+00:00,0.09150464231044055,0.16655060361334176,0.3755558789720662,False
2024-01-31 23:00:00+00:00,0.09413476585629446,0.16655060361334176,0.3755558789720662,False
2024-02-01 23:00:00+00:00,0.09394593172922873,0.16655060361334176,0.3755558789720662,False
2024-02-04 23:00:00+00:00,0.09228091234493874,0.16655060361334176,0.3755558789720662,False
2024-02-05 23:00:00+00:00,0.09361880817731218,0.16655060361334176,0.3755558789720662,False
2024-02-06 23:00:00+00:00,0.09631884707073247,0.16655060361334176,0.3755558789720662,False
2024-02-07 23:00:00+00:00,0.09206021008420387,0.16655060361334176,0.3755558789720662,False
2024-02-08 23:00:00+00:00,0.0885451722454634,0.16655060361334176,0.3755558789720662,False
2024-02-11 23:00:00+00:00,0.08907139125012473,0.16655060361334176,0.3755558789720662,False
2024-02-12 23:00:00+00:00,0.0926466193459478,0.16655060361334176,0.3755558789720662,False
2024-02-13 23:00:00+00:00,0.08402318723350818,0.16655060361334176,0.3755558789720662,False
2024-02-14 23:00:00+00:00,0.08580381330976626,0.16655060361334176,0.3755558789720662,False
2024-02-15 23:00:00+00:00,0.08514149888967451,0.16655060361334176,0.3755558789720662,False
2024-02-18 23:00:00+00:00,0.08347341211326526,0.16655060361334176,0.3755558789720662,False
2024-02-19 23:00:00+00:00,0.08324760206133738,0.16655060361334176,0.3755558789720662,False
2024-02-20 23:00:00+00:00,0.08006874058710768,0.16655060361334176,0.3755558789720662,False
2024-02-21 23:00:00+00:00,0.08490894353929712,0.16655060361334176,0.3755558789720662,False
2024-02-22 23:00:00+00:00,0.07904260323557236,0.16655060361334176,0.3755558789720662,False
2024-02-25 23:00:00+00:00,0.08113371118207098,0.16655060361334176,0.3755558789720662,False
2024-02-26 23:00:00+00:00,0.08499724492317179,0.16655060361334176,0.3755558789720662,False
2024-02-27 23:00:00+00:00,0.08515108222834186,0.16655060361334176,0.3755558789720662,False
2024-02-28 23:00:00+00:00,0.07889508579287524,0.16655060361334176,0.3755558789720662,False
2024-02-29 23:00:00+00:00,0.07923330895952901,0.16655060361334176,0.3755558789720662,False
2024-03-03 23:00:00+00:00,0.07911825407038754,0.16655060361334176,0.3755558789720662,False
2024-03-04 23:00:00+00:00,0.07819812449573746,0.16655060361334176,0.3755558789720662,False
2024-03-05 23:00:00+00:00,0.07325247024632303,0.16655060361334176,0.3755558789720662,False
2024-03-06 23:00:00+00:00,0.0736902552986736,0.16655060361334176,0.3755558789720662,False
2024-03-07 23:00:00+00:00,0.07304680125792748,0.16655060361334176,0.3755558789720662,False
2024-03-10 23:00:00+00:00,0.07187992767489985,0.16655060361334176,0.3755558789720662,False
2024-03-11 23:00:00+00:00,0.07051289160626287,0.16655060361334176,0.3755558789720662,False
2024-03-12 23:00:00+00:00,0.06948278247104676,0.16655060361334176,0.3755558789720662,False
2024-03-13 23:00:00+00:00,0.06498511616392652,0.16655060361334176,0.3755558789720662,False
2024-03-14 23:00:00+00:00,0.06496822786578366,0.16655060361334176,0.3755558789720662,False
2024-03-17 23:00:00+00:00,0.0631091072001117,0.16655060361334176,0.3755558789720662,False
2024-03-18 23:00:00+00:00,0.06379856251786103,0.16655060361334176,0.3755558789720662,False
2024-03-19 23:00:00+00:00,0.06333075225652147,0.16655060361334176,0.3755558789720662,False
2024-03-20 23:00:00+00:00,0.05841989572411226,0.16655060361334176,0.3755558789720662,False
2024-03-21 23:00:00+00:00,0.05829162612781114,0.16655060361334176,0.3755558789720662,False
2024-03-24 23:00:00+00:00,0.054389774668111124,0.16655060361334176,0.3755558789720662,False
2024-03-25 23:00:00+00:00,0.05175358712898546,0.16655060361334176,0.3755558789720662,False
2024-03-26 23:00:00+00:00,0.052064951097116174,0.16655060361334176,0.3755558789720662,False
2024-03-27 23:00:00+00:00,0.05122944670387605,0.16655060361334176,0.3755558789720662,False
2024-04-01 22:00:00+00:00,0.06365376583709823,0.16655060361334176,0.3755558789720662,False
2024-04-02 22:00:00+00:00,0.06390314095678443,0.16655060361334176,0.3755558789720662,False
2024-04-03 22:00:00+00:00,0.06372815034368046,0.16655060361334176,0.3755558789720662,False
2024-04-04 22:00:00+00:00,0.07906955911341769,0.16655060361334176,0.3755558789720662,False
2024-04-07 22:00:00+00:00,0.08070040948217218,0.16655060361334176,0.3755558789720662,False
2024-04-08 22:00:00+00:00,0.08367689550627452,0.16655060361334176,0.3755558789720662,False
2024-04-09 22:00:00+00:00,0.08374131712392842,0.16655060361334176,0.3755558789720662,False
2024-04-10 22:00:00+00:00,0.07790466258010564,0.16655060361334176,0.3755558789720662,False
2024-04-11 22:00:00+00:00,0.07768672008780626,0.16655060361334176,0.3755558789720662,False
2024-04-14 22:00:00+00:00,0.07778993381642278,0.16655060361334176,0.3755558789720662,False
2024-04-15 22:00:00+00:00,0.09235983318181254,0.16655060361334176,0.3755558789720662,False
2024-04-16 22:00:00+00:00,0.09273585318637767,0.16655060361334176,0.3755558789720662,False
2024-04-17 22:00:00+00:00,0.09553638650896046,0.16655060361334176,0.3755558789720662,False
2024-04-18 22:00:00+00:00,0.0956614361253544,0.16655060361334176,0.3755558789720662,False
2024-04-21 22:00:00+00:00,0.09770741394585443,0.16655060361334176,0.3755558789720662,False
2024-04-22 22:00:00+00:00,0.103536812328754,0.16655060361334176,0.3755558789720662,False
2024-04-23 22:00:00+00:00,0.10401819667136777,0.16655060361334176,0.3755558789720662,False
2024-04-24 22:00:00+00:00,0.10423315454261357,0.16655060361334176,0.3755558789720662,False
2024-04-25 22:00:00+00:00,0.10939733867978939,0.16655060361334176,0.3755558789720662,False
2024-04-28 22:00:00+00:00,0.10925159515917342,0.16655060361334176,0.3755558789720662,False
2024-04-29 22:00:00+00:00,0.10890295211779571,0.16655060361334176,0.3755558789720662,False
2024-05-01 22:00:00+00:00,0.10764145833925053,0.16655060361334176,0.3755558789720662,False
2024-05-02 22:00:00+00:00,0.11045663988580869,0.16655060361334176,0.3755558789720662,False
2024-05-05 22:00:00+00:00,0.10479136237642214,0.16655060361334176,0.3755558789720662,False
2024-05-06 22:00:00+00:00,0.11070387822891344,0.16655060361334176,0.3755558789720662,False
2024-05-07 22:00:00+00:00,0.10901209714009172,0.16655060361334176,0.3755558789720662,False
2024-05-08 22:00:00+00:00,0.10962892477494068,0.16655060361334176,0.3755558789720662,False
2024-05-09 22:00:00+00:00,0.1078216886321364,0.16655060361334176,0.3755558789720662,False
2024-05-12 22:00:00+00:00,0.10726120297666625,0.16655060361334176,0.3755558789720662,False
2024-05-13 22:00:00+00:00,0.1071567837506322,0.16655060361334176,0.3755558789720662,False
2024-05-14 22:00:00+00:00,0.0878531594440386,0.16655060361334176,0.3755558789720662,False
2024-05-15 22:00:00+00:00,0.09108329453217544,0.16655060361334176,0.3755558789720662,False
2024-05-16 22:00:00+00:00,0.09238144374657953,0.16655060361334176,0.3755558789720662,False
2024-05-19 22:00:00+00:00,0.09083411332791087,0.16655060361334176,0.3755558789720662,False
2024-05-20 22:00:00+00:00,0.09316837376023338,0.16655060361334176,0.3755558789720662,False
2024-05-21 22:00:00+00:00,0.09137106759687152,0.16655060361334176,0.3755558789720662,False
2024-05-22 22:00:00+00:00,0.08998058435242347,0.16655060361334176,0.3755558789720662,False
2024-05-23 22:00:00+00:00,0.0830950060846051,0.16655060361334176,0.3755558789720662,False
2024-05-26 22:00:00+00:00,0.07932652839017638,0.16655060361334176,0.3755558789720662,False
2024-05-27 22:00:00+00:00,0.08279943214693755,0.16655060361334176,0.3755558789720662,False
2024-05-28 22:00:00+00:00,0.08834962651641501,0.16655060361334176,0.3755558789720662,False
2024-05-29 22:00:00+00:00,0.08886683048584212,0.16655060361334176,0.3755558789720662,False
2024-05-30 22:00:00+00:00,0.08735980084478927,0.16655060361334176,0.3755558789720662,False
2024-06-02 22:00:00+00:00,0.08551301544136822,0.16655060361334176,0.3755558789720662,False
2024-06-03 22:00:00+00:00,0.0809490753723516,0.16655060361334176,0.3755558789720662,False
2024-06-04 22:00:00+00:00,0.08089420993791126,0.16655060361334176,0.3755558789720662,False
2024-06-05 22:00:00+00:00,0.07823916322186263,0.16655060361334176,0.3755558789720662,False
2024-06-06 22:00:00+00:00,0.07768771660489106,0.16655060361334176,0.3755558789720662,False
2024-06-09 22:00:00+00:00,0.08414736297298155,0.16655060361334176,0.3755558789720662,False
2024-06-10 22:00:00+00:00,0.09153542988265848,0.16655060361334176,0.3755558789720662,False
2024-06-11 22:00:00+00:00,0.09656800843945122,0.16655060361334176,0.3755558789720662,False
2024-06-12 22:00:00+00:00,0.11533798155343752,0.16655060361334176,0.3755558789720662,False
2024-06-13 22:00:00+00:00,0.1363413402131369,0.16655060361334176,0.3755558789720662,False
2024-06-16 22:00:00+00:00,0.1381030017581178,0.16655060361334176,0.3755558789720662,False
2024-06-17 22:00:00+00:00,0.1404347987309354,0.16655060361334176,0.3755558789720662,False
2024-06-18 22:00:00+00:00,0.14057309396601791,0.16655060361334176,0.3755558789720662,False
2024-06-19 22:00:00+00:00,0.14938449346667595,0.16655060361334176,0.3755558789720662,False
2024-06-20 22:00:00+00:00,0.14954649072643741,0.16655060361334176,0.3755558789720662,False
2024-06-23 22:00:00+00:00,0.15275900012004004,0.16655060361334176,0.3755558789720662,False
2024-06-24 22:00:00+00:00,0.15351834397748787,0.16655060361334176,0.3755558789720662,False
2024-06-25 22:00:00+00:00,0.15023593093485166,0.16655060361334176,0.3755558789720662,False
2024-06-26 22:00:00+00:00,0.1481570711259956,0.16655060361334176,0.3755558789720662,False
2024-06-27 22:00:00+00:00,0.14748348367387887,0.16655060361334176,0.3755558789720662,False
2024-06-30 22:00:00+00:00,0.15111556678442212,0.16655060361334176,0.3755558789720662,False
2024-07-01 22:00:00+00:00,0.1502455613181546,0.16655060361334176,0.3755558789720662,False
2024-07-02 22:00:00+00:00,0.15834434348998655,0.16655060361334176,0.3755558789720662,False
2024-07-03 22:00:00+00:00,0.16190859016108117,0.16655060361334176,0.3755558789720662,False
2024-07-04 22:00:00+00:00,0.1615063514056436,0.16655060361334176,0.3755558789720662,False
2024-07-07 22:00:00+00:00,0.15866260413529956,0.16655060361334176,0.3755558789720662,False
2024-07-08 22:00:00+00:00,0.15951630802298028,0.16655060361334176,0.3755558789720662,False
2024-07-09 22:00:00+00:00,0.15881521336321167,0.16655060361334176,0.3755558789720662,False
2024-07-10 22:00:00+00:00,0.14759365388623666,0.16655060361334176,0.3755558789720662,False
2024-07-11 22:00:00+00:00,0.12423403225513005,0.16655060361334176,0.3755558789720662,False
2024-07-14 22:00:00+00:00,0.12990716803992,0.16655060361334176,0.3755558789720662,False
2024-07-15 22:00:00+00:00,0.13027957495840903,0.16655060361334176,0.3755558789720662,False
2024-07-16 22:00:00+00:00,0.1288482241802589,0.16655060361334176,0.3755558789720662,False
2024-07-17 22:00:00+00:00,0.12278011238766741,0.16655060361334176,0.3755558789720662,False
2024-07-18 22:00:00+00:00,0.12580385721922235,0.16655060361334176,0.3755558789720662,False
2024-07-21 22:00:00+00:00,0.12695888803009156,0.16655060361334176,0.3755558789720662,False
2024-07-22 22:00:00+00:00,0.1239587627973468,0.16655060361334176,0.3755558789720662,False
2024-07-23 22:00:00+00:00,0.12534172465938567,0.16655060361334176,0.3755558789720662,False
2024-07-24 22:00:00+00:00,0.13199485571722105,0.16655060361334176,0.3755558789720662,False
2024-07-25 22:00:00+00:00,0.1340936401708798,0.16655060361334176,0.3755558789720662,False
2024-07-28 22:00:00+00:00,0.1328432207734248,0.16655060361334176,0.3755558789720662,False
2024-07-29 22:00:00+00:00,0.1329084923713054,0.16655060361334176,0.3755558789720662,False
2024-07-30 22:00:00+00:00,0.12556760705690337,0.16655060361334176,0.3755558789720662,False
2024-07-31 22:00:00+00:00,0.1422289259746879,0.16655060361334176,0.3755558789720662,False
2024-08-01 22:00:00+00:00,0.1567149435259539,0.16655060361334176,0.3755558789720662,False
2024-08-04 22:00:00+00:00,0.16562036692361537,0.16655060361334176,0.3755558789720662,False
2024-08-05 22:00:00+00:00,0.16161602264220376,0.16655060361334176,0.3755558789720662,False
2024-08-06 22:00:00+00:00,0.1724060440415556,0.16655060361334176,0.3755558789720662,False
2024-08-07 22:00:00+00:00,0.16715795180666648,0.16655060361334176,0.3755558789720662,False
2024-08-08 22:00:00+00:00,0.1608436757163318,0.16655060361334176,0.3755558789720662,False
2024-08-11 22:00:00+00:00,0.15922882489313192,0.16655060361334176,0.3755558789720662,False
2024-08-12 22:00:00+00:00,0.16045675263603046,0.16655060361334176,0.3755558789720662,False
2024-08-13 22:00:00+00:00,0.16186521390886696,0.16655060361334176,0.3755558789720662,False
2024-08-14 22:00:00+00:00,0.16967230733923383,0.16655060361334176,0.3755558789720662,False
2024-08-15 22:00:00+00:00,0.1686738452358607,0.16655060361334176,0.3755558789720662,False
2024-08-18 22:00:00+00:00,0.16566041162838796,0.16655060361334176,0.3755558789720662,False
2024-08-19 22:00:00+00:00,0.1657984530805469,0.16655060361334176,0.3755558789720662,False
2024-08-20 22:00:00+00:00,0.16517137228439507,0.16655060361334176,0.3755558789720662,False
2024-08-21 22:00:00+00:00,0.16002551812018853,0.16655060361334176,0.3755558789720662,False
2024-08-22 22:00:00+00:00,0.16018711495178647,0.16655060361334176,0.3755558789720662,False
2024-08-25 22:00:00+00:00,0.15876562241668835,0.16655060361334176,0.3755558789720662,False
2024-08-26 22:00:00+00:00,0.1583002049978189,0.16655060361334176,0.3755558789720662,False
2024-08-27 22:00:00+00:00,0.1575519672597821,0.16655060361334176,0.3755558789720662,False
2024-08-28 22:00:00+00:00,0.13667709618991652,0.16655060361334176,0.3755558789720662,False
2024-08-29 22:00:00+00:00,0.11035535078128617,0.16655060361334176,0.3755558789720662,False
2024-09-01 22:00:00+00:00,0.08160285475519496,0.16655060361334176,0.3755558789720662,False
2024-09-02 22:00:00+00:00,0.08975617243584573,0.16655060361334176,0.3755558789720662,False
2024-09-05 22:00:00+00:00,0.08879028117700757,0.16655060361334176,0.3755558789720662,False
2024-09-08 22:00:00+00:00,0.08893057487649382,0.16655060361334176,0.3755558789720662,False
2024-09-09 22:00:00+00:00,0.09912493664446179,0.16655060361334176,0.3755558789720662,False
2024-09-10 22:00:00+00:00,0.09882511595811438,0.16655060361334176,0.3755558789720662,False
2024-09-11 22:00:00+00:00,0.09977538896171544,0.16655060361334176,0.3755558789720662,False
2024-09-12 22:00:00+00:00,0.10244550433129511,0.16655060361334176,0.3755558789720662,False
2024-09-15 22:00:00+00:00,0.09530666920823606,0.16655060361334176,0.3755558789720662,False
2024-09-16 22:00:00+00:00,0.09551316874691437,0.16655060361334176,0.3755558789720662,False
2024-09-17 22:00:00+00:00,0.09338933752299727,0.16655060361334176,0.3755558789720662,False
2024-09-18 22:00:00+00:00,0.10483442972465419,0.16655060361334176,0.3755558789720662,False
2024-09-19 22:00:00+00:00,0.11915617652775963,0.16655060361334176,0.3755558789720662,False
2024-09-22 22:00:00+00:00,0.11908595494155848,0.16655060361334176,0.3755558789720662,False
2024-09-23 22:00:00+00:00,0.12076615470947814,0.16655060361334176,0.3755558789720662,False
2024-09-24 22:00:00+00:00,0.12152376434989828,0.16655060361334176,0.3755558789720662,False
2024-09-25 22:00:00+00:00,0.13585516393322056,0.16655060361334176,0.3755558789720662,False
2024-09-26 22:00:00+00:00,0.14097340765702224,0.16655060361334176,0.3755558789720662,False
2024-09-29 22:00:00+00:00,0.15659185238546522,0.16655060361334176,0.3755558789720662,False
2024-09-30 22:00:00+00:00,0.15801548160146436,0.16655060361334176,0.3755558789720662,False
2024-10-01 22:00:00+00:00,0.1582284465124131,0.16655060361334176,0.3755558789720662,False
2024-10-02 22:00:00+00:00,0.16182729969306336,0.16655060361334176,0.3755558789720662,False
2024-10-03 22:00:00+00:00,0.1574868241117114,0.16655060361334176,0.3755558789720662,False
2024-10-06 22:00:00+00:00,0.15633430392069111,0.16655060361334176,0.3755558789720662,False
2024-10-07 22:00:00+00:00,0.15232614325217678,0.16655060361334176,0.3755558789720662,False
2024-10-08 22:00:00+00:00,0.15403062440935764,0.16655060361334176,0.3755558789720662,False
2024-10-09 22:00:00+00:00,0.15402499034054876,0.16655060361334176,0.3755558789720662,False
2024-10-10 22:00:00+00:00,0.15148195653397364,0.16655060361334176,0.3755558789720662,False
2024-10-13 22:00:00+00:00,0.15124671021373792,0.16655060361334176,0.3755558789720662,False
2024-10-14 22:00:00+00:00,0.15033188360434294,0.16655060361334176,0.3755558789720662,False
2024-10-15 22:00:00+00:00,0.150232458304864,0.16655060361334176,0.3755558789720662,False
2024-10-16 22:00:00+00:00,0.14326427006884537,0.16655060361334176,0.3755558789720662,False
2024-10-17 22:00:00+00:00,0.13196961319947637,0.16655060361334176,0.3755558789720662,False
2024-10-20 22:00:00+00:00,0.13780790552639385,0.16655060361334176,0.3755558789720662,False
2024-10-21 22:00:00+00:00,0.13367270451225619,0.16655060361334176,0.3755558789720662,False
2024-10-22 22:00:00+00:00,0.13451783160761965,0.16655060361334176,0.3755558789720662,False
2024-10-23 22:00:00+00:00,0.1176420156343329,0.16655060361334176,0.3755558789720662,False
2024-10-24 22:00:00+00:00,0.10748955875089164,0.16655060361334176,0.3755558789720662,False
2024-10-27 23:00:00+00:00,0.09197976337462742,0.16655060361334176,0.3755558789720662,False
2024-10-28 23:00:00+00:00,0.09245755208644785,0.16655060361334176,0.3755558789720662,False
2024-10-29 23:00:00+00:00,0.10087508422270909,0.16655060361334176,0.3755558789720662,False
2024-10-30 23:00:00+00:00,0.09255092987392298,0.16655060361334176,0.3755558789720662,False
2024-10-31 23:00:00+00:00,0.08983643430587997,0.16655060361334176,0.3755558789720662,False
2024-11-03 23:00:00+00:00,0.08982883904778377,0.16655060361334176,0.3755558789720662,False
2024-11-04 23:00:00+00:00,0.09022980328642984,0.16655060361334176,0.3755558789720662,False
2024-11-05 23:00:00+00:00,0.08995214416983598,0.16655060361334176,0.3755558789720662,False
2024-11-06 23:00:00+00:00,0.09591856144650636,0.16655060361334176,0.3755558789720662,False
2024-11-07 23:00:00+00:00,0.10010541561930557,0.16655060361334176,0.3755558789720662,False
2024-11-10 23:00:00+00:00,0.11047881740313573,0.16655060361334176,0.3755558789720662,False
2024-11-11 23:00:00+00:00,0.13657764319894047,0.16655060361334176,0.3755558789720662,False
2024-11-12 23:00:00+00:00,0.1363216854326506,0.16655060361334176,0.3755558789720662,False
2024-11-13 23:00:00+00:00,0.14429672378503688,0.16655060361334176,0.3755558789720662,False
2024-11-14 23:00:00+00:00,0.1428910778591585,0.16655060361334176,0.3755558789720662,False
2024-11-17 23:00:00+00:00,0.13989832227128213,0.16655060361334176,0.3755558789720662,False
2024-11-18 23:00:00+00:00,0.14176453511491485,0.16655060361334176,0.3755558789720662,False
2024-11-19 23:00:00+00:00,0.1418939888439823,0.16655060361334176,0.3755558789720662,False
2024-11-20 23:00:00+00:00,0.14158955402045842,0.16655060361334176,0.3755558789720662,False
2024-11-21 23:00:00+00:00,0.14552688657147406,0.16655060361334176,0.3755558789720662,False
2024-11-24 23:00:00+00:00,0.14326343782352557,0.16655060361334176,0.3755558789720662,False
2024-11-25 23:00:00+00:00,0.14455351321590698,0.16655060361334176,0.3755558789720662,False
2024-11-26 23:00:00+00:00,0.14032278843601262,0.16655060361334176,0.3755558789720662,False
2024-11-27 23:00:00+00:00,0.14018555325427434,0.16655060361334176,0.3755558789720662,False
2024-11-28 23:00:00+00:00,0.1428282018516399,0.16655060361334176,0.3755558789720662,False
2024-12-01 23:00:00+00:00,0.14283011372893803,0.16655060361334176,0.3755558789720662,False
2024-12-02 23:00:00+00:00,0.14226273129887002,0.16655060361334176,0.3755558789720662,False
2024-12-03 23:00:00+00:00,0.14028126035785957,0.16655060361334176,0.3755558789720662,False
2024-12-04 23:00:00+00:00,0.1401037891038764,0.16655060361334176,0.3755558789720662,False
2024-12-05 23:00:00+00:00,0.139058839783757,0.16655060361334176,0.3755558789720662,False
2024-12-08 23:00:00+00:00,0.13507568212946602,0.16655060361334176,0.3755558789720662,False
2024-12-09 23:00:00+00:00,0.10595648100684907,0.16655060361334176,0.3755558789720662,False
2024-12-10 23:00:00+00:00,0.10383391588940331,0.16655060361334176,0.3755558789720662,False
2024-12-11 23:00:00+00:00,0.09147777617541702,0.16655060361334176,0.3755558789720662,False
2024-12-12 23:00:00+00:00,0.0909085523054953,0.16655060361334176,0.3755558789720662,False
2024-12-15 23:00:00+00:00,0.09109524707483888,0.16655060361334176,0.3755558789720662,False
2024-12-16 23:00:00+00:00,0.08815357654631169,0.16655060361334176,0.3755558789720662,False
2024-12-17 23:00:00+00:00,0.08520986560822107,0.16655060361334176,0.3755558789720662,False
2024-12-18 23:00:00+00:00,0.09822126760212578,0.16655060361334176,0.3755558789720662,False
2024-12-19 23:00:00+00:00,0.09461105634844184,0.16655060361334176,0.3755558789720662,False
2024-12-22 23:00:00+00:00,0.09394131330681359,0.16655060361334176,0.3755558789720662,False
2024-12-29 23:00:00+00:00,0.0897710559157105,0.16655060361334176,0.3755558789720662,False
