Date,rolling_vol,vol_mean,vol_std,vol_z_score,high_vol_regime
2019-01-02 23:00:00+00:00,,,,0.0,0
2019-01-03 23:00:00+00:00,,,,0.0,0
2019-01-06 23:00:00+00:00,,,,0.0,0
2019-01-07 23:00:00+00:00,,,,0.0,0
2019-01-08 23:00:00+00:00,,,,0.0,0
2019-01-09 23:00:00+00:00,,,,0.0,0
2019-01-10 23:00:00+00:00,,,,0.0,0
2019-01-13 23:00:00+00:00,,,,0.0,0
2019-01-14 23:00:00+00:00,,,,0.0,0
2019-01-15 23:00:00+00:00,,,,0.0,0
2019-01-16 23:00:00+00:00,,,,0.0,0
2019-01-17 23:00:00+00:00,,,,0.0,0
2019-01-20 23:00:00+00:00,,,,0.0,0
2019-01-21 23:00:00+00:00,,,,0.0,0
2019-01-22 23:00:00+00:00,,,,0.0,0
2019-01-23 23:00:00+00:00,,,,0.0,0
2019-01-24 23:00:00+00:00,,,,0.0,0
2019-01-27 23:00:00+00:00,,,,0.0,0
2019-01-28 23:00:00+00:00,,,,0.0,0
2019-01-29 23:00:00+00:00,0.1596126137135028,,,0.0,0
2019-01-30 23:00:00+00:00,0.14486324486560725,,,0.0,0
2019-01-31 23:00:00+00:00,0.11092116666323304,,,0.0,0
2019-02-03 23:00:00+00:00,0.1132285053362953,,,0.0,0
2019-02-04 23:00:00+00:00,0.12146018508203384,,,0.0,0
2019-02-05 23:00:00+00:00,0.11955885665404296,,,0.0,0
2019-02-06 23:00:00+00:00,0.1506944814940679,,,0.0,0
2019-02-07 23:00:00+00:00,0.15494788544409416,,,0.0,0
2019-02-10 23:00:00+00:00,0.1573624002096918,,,0.0,0
2019-02-11 23:00:00+00:00,0.15987027491566502,,,0.0,0
2019-02-12 23:00:00+00:00,0.15971816001664293,,,0.0,0
2019-02-13 23:00:00+00:00,0.1595363670685349,,,0.0,0
2019-02-14 23:00:00+00:00,0.15693305291879406,,,0.0,0
2019-02-17 23:00:00+00:00,0.1550754354252307,,,0.0,0
2019-02-18 23:00:00+00:00,0.1531620799183027,,,0.0,0
2019-02-19 23:00:00+00:00,0.15445680002666135,,,0.0,0
2019-02-20 23:00:00+00:00,0.15337545295659374,,,0.0,0
2019-02-21 23:00:00+00:00,0.1465145715243229,,,0.0,0
2019-02-24 23:00:00+00:00,0.14320331608283376,,,0.0,0
2019-02-25 23:00:00+00:00,0.14325154711682694,,,0.0,0
2019-02-26 23:00:00+00:00,0.14497861741843168,,,0.0,0
2019-02-27 23:00:00+00:00,0.14458104609192485,,,0.0,0
2019-02-28 23:00:00+00:00,0.14486401125043608,,,0.0,0
2019-03-03 23:00:00+00:00,0.14265670887256718,,,0.0,0
2019-03-04 23:00:00+00:00,0.13264444824634866,,,0.0,0
2019-03-05 23:00:00+00:00,0.1335793790303713,,,0.0,0
2019-03-06 23:00:00+00:00,0.10114157110000872,,,0.0,0
2019-03-07 23:00:00+00:00,0.09666565926300441,,,0.0,0
2019-03-10 23:00:00+00:00,0.09524548291776067,,,0.0,0
2019-03-11 23:00:00+00:00,0.0910992952875729,,,0.0,0
2019-03-12 23:00:00+00:00,0.09074670033314507,,,0.0,0
2019-03-13 23:00:00+00:00,0.08973551637190896,,,0.0,0
2019-03-14 23:00:00+00:00,0.07333746968964965,,,0.0,0
2019-03-17 23:00:00+00:00,0.07344361043535835,,,0.0,0
2019-03-18 23:00:00+00:00,0.07431002431645328,,,0.0,0
2019-03-19 23:00:00+00:00,0.08247626042046644,,,0.0,0
2019-03-20 23:00:00+00:00,0.08336950363664776,,,0.0,0
2019-03-21 23:00:00+00:00,0.1068119028311046,,,0.0,0
2019-03-24 23:00:00+00:00,0.10514313645913063,,,0.0,0
2019-03-25 23:00:00+00:00,0.10707620802664389,,,0.0,0
2019-03-26 23:00:00+00:00,0.10599719334791582,,,0.0,0
2019-03-27 23:00:00+00:00,0.10589673265721058,,,0.0,0
2019-03-28 23:00:00+00:00,0.11056421638881987,,,0.0,0
2019-03-31 22:00:00+00:00,0.12113745965998891,,,0.0,0
2019-04-01 22:00:00+00:00,0.12214956998265175,,,0.0,0
2019-04-02 22:00:00+00:00,0.12898459970976625,,,0.0,0
2019-04-03 22:00:00+00:00,0.12593917728018775,,,0.0,0
2019-04-04 22:00:00+00:00,0.12171367591431358,,,0.0,0
2019-04-07 22:00:00+00:00,0.12041444377007085,,,0.0,0
2019-04-08 22:00:00+00:00,0.12431932135744232,,,0.0,0
2019-04-09 22:00:00+00:00,0.12401955856147232,,,0.0,0
2019-04-10 22:00:00+00:00,0.12393047589417654,,,0.0,0
2019-04-11 22:00:00+00:00,0.12195880732040225,,,0.0,0
2019-04-14 22:00:00+00:00,0.12195342187903323,,,0.0,0
2019-04-15 22:00:00+00:00,0.1223090783947921,,,0.0,0
2019-04-16 22:00:00+00:00,0.11469168102494566,,,0.0,0
2019-04-17 22:00:00+00:00,0.1136063918838572,,,0.0,0
2019-04-22 22:00:00+00:00,0.08567670337837918,,,0.0,0
2019-04-23 22:00:00+00:00,0.08394606909964342,,,0.0,0
2019-04-24 22:00:00+00:00,0.08691674937169074,,,0.0,0
2019-04-25 22:00:00+00:00,0.08622160449797754,,,0.0,0
2019-04-28 22:00:00+00:00,0.08341921510562882,,,0.0,0
2019-04-29 22:00:00+00:00,0.07998262809214428,0.12011748768260991,0.02644113357429845,-1.517894816335631,0
2019-05-01 22:00:00+00:00,0.07037627975503416,0.11934028130874154,0.026957287895610582,-1.8163548849318822,0
2019-05-02 22:00:00+00:00,0.06946195845741587,0.11857292249564422,0.027452055044064172,-1.7889722266474684,0
2019-05-05 22:00:00+00:00,0.0694995182033862,0.11782938606697364,0.027901776071996755,-1.7321430628243433,0
2019-05-06 22:00:00+00:00,0.08109414822552205,0.11728109893501167,0.028050935343137004,-1.290044352062691,0
2019-05-07 22:00:00+00:00,0.08154440696686824,0.11675555934724485,0.028176087661454834,-1.2496820993549724,0
2019-05-08 22:00:00+00:00,0.10285601273513816,0.11655411664272157,0.02801815477598254,-0.48890100069422043,0
2019-05-09 22:00:00+00:00,0.10067650485533358,0.11632729361718747,0.027879048532303077,-0.5613817395424929,0
2019-05-12 22:00:00+00:00,0.11293301535787222,0.11627948688114076,0.027682127241526917,-0.12088924720526482,0
2019-05-13 22:00:00+00:00,0.11956354964277423,0.11632509886394124,0.027489216087566642,0.11780804401685858,0
2019-05-14 22:00:00+00:00,0.12048382874252107,0.11638206776638753,0.02730199046331921,0.15023670093374128,0
2019-05-15 22:00:00+00:00,0.12754923830750245,0.11653297547640258,0.027145403930063674,0.4058242367467334,0
2019-05-16 22:00:00+00:00,0.12579213699334132,0.1166564309632951,0.02698255559043421,0.33857823434949175,0
2019-05-19 22:00:00+00:00,0.13373544540111318,0.11688115483747692,0.026873572974206485,0.6271696949197327,0
2019-05-20 22:00:00+00:00,0.13625095451039737,0.117132710677385,0.02678729222557228,0.7137057255365771,0
2019-05-21 22:00:00+00:00,0.13622433540140136,0.11737747509692366,0.02670043121090156,0.7058635179188674,0
2019-05-22 22:00:00+00:00,0.14778778812436175,0.11776241576815705,0.026748444488543056,1.122509100260586,0
2019-05-23 22:00:00+00:00,0.15009393568367185,0.118166559767101,0.02682329533312532,1.1902853665090982,0
2019-05-26 22:00:00+00:00,0.15226643346800375,0.11858754586217388,0.026923059457336623,1.2509309225869674,0
2019-05-27 22:00:00+00:00,0.15130946624160901,0.11898659367167917,0.02699925854174667,1.1971763046733939,0
2019-05-28 22:00:00+00:00,0.15704704553051127,0.11944515333262895,0.027157378262128048,1.3845921294368657,0
2019-05-29 22:00:00+00:00,0.15986402682692125,0.1199263303980372,0.027351160988010482,1.4601828582849166,0
2019-05-30 22:00:00+00:00,0.1608351723116636,0.12040761089113867,0.027547574288822253,1.467554311557983,0
2019-06-02 22:00:00+00:00,0.1595565766555995,0.12086283142328358,0.027708525644867945,1.3964563011486903,0
2019-06-03 22:00:00+00:00,0.1620373207431789,0.12133610141546629,0.027898415258935723,1.4589079325814467,0
2019-06-04 22:00:00+00:00,0.16191786713940592,0.12179725784414742,0.02807293876890693,1.4291560148200568,0
2019-06-05 22:00:00+00:00,0.15089603420198877,0.12212421038749395,0.02808288167401431,1.0245324589006835,0
2019-06-06 22:00:00+00:00,0.15622458945149656,0.12250310348820508,0.028155060384607234,1.1977060429864144,0
2019-06-09 22:00:00+00:00,0.1462086400602849,0.12276360389009607,0.028108270433882473,0.8340974314067913,0
2019-06-10 22:00:00+00:00,0.14430780486077233,0.12299777998760343,0.028043499465977225,0.7598917852253968,0
2019-06-11 22:00:00+00:00,0.14297049481598212,0.12321254036210212,0.027967462744784094,0.70646217120875,0
2019-06-12 22:00:00+00:00,0.13686169119967273,0.1233577440944167,0.02785229529932292,0.48484144520700617,0
2019-06-13 22:00:00+00:00,0.13679881989529064,0.12349922910284696,0.02773804969404317,0.47947101325223335,0
2019-06-16 22:00:00+00:00,0.12551419939968134,0.12352021837677231,0.027592440133691696,0.07226548334426867,0
2019-06-17 22:00:00+00:00,0.14385356388349044,0.12372984049539826,0.027525886322206417,0.7310835753854521,0
2019-06-18 22:00:00+00:00,0.14374062296780832,0.12393403215328001,0.02745813861497498,0.7213377094588009,0
2019-06-19 22:00:00+00:00,0.12503488994072454,0.12394515192891076,0.02731791091041102,0.039890971728679045,0
2019-06-20 22:00:00+00:00,0.1254381548198383,0.12396008195782005,0.027180001543201108,0.05438089691308311,0
2019-06-23 22:00:00+00:00,0.1255638581167594,0.12397596092969071,0.027044230907275677,0.058714821379575954,0
2019-06-24 22:00:00+00:00,0.1252467344711523,0.1239884194938227,0.02691030969757964,0.046759587365239115,0
2019-06-25 22:00:00+00:00,0.11114780915935518,0.12386375337407059,0.026807944764507177,-0.4743349155042609,0
2019-06-26 22:00:00+00:00,0.11050180353973818,0.12373527308720202,0.02670964827146763,-0.49545652615726826,0
2019-06-27 22:00:00+00:00,0.10447371978652929,0.12355182972243368,0.02664730846603072,-0.7159488531543311,0
2019-06-30 22:00:00+00:00,0.10572534100668561,0.12338365530058701,0.026576575217896536,-0.6644315209587417,0
2019-07-01 22:00:00+00:00,0.10203953962626794,0.12318417758400459,0.026531277444597726,-0.7969702175815172,0
2019-07-02 22:00:00+00:00,0.10374669638286259,0.12300420090621625,0.02647316358715784,-0.7274349535125261,0
2019-07-03 22:00:00+00:00,0.09954892463830031,0.12278901488540966,0.02644591624650731,-0.8787780325130028,0
2019-07-04 22:00:00+00:00,0.09858174951824603,0.12256894883661727,0.026425315392210696,-0.9077355922662659,0
2019-07-07 22:00:00+00:00,0.10007255792349247,0.12236627864821074,0.026391447177983512,-0.8447327868900014,0
2019-07-08 22:00:00+00:00,0.10180471683718655,0.12218269327489803,0.026344039837138112,-0.7735327065890608,0
2019-07-09 22:00:00+00:00,0.10015099017709715,0.12198772245102368,0.026307935501700887,-0.8300435536842,0
2019-07-10 22:00:00+00:00,0.10120066861856118,0.12180537987354595,0.026263529665016022,-0.784537018359379,0
2019-07-11 22:00:00+00:00,0.09900578582055342,0.12160712253395471,0.026234377009158132,-0.861516044597187,0
2019-07-14 22:00:00+00:00,0.09928751745758603,0.12141471214536532,0.02620214386707693,-0.8444803142838316,0
2019-07-15 22:00:00+00:00,0.07125655931165492,0.12098600998439343,0.026497862122407928,-1.8767344491042839,0
2019-07-16 22:00:00+00:00,0.07553672824914764,0.12060084657985747,0.026714058635746062,-1.6869064691805968,0
2019-07-17 22:00:00+00:00,0.07723175156692601,0.1202364004032782,0.02689607453090392,-1.5989191577729798,0
2019-07-18 22:00:00+00:00,0.07680648685721246,0.11987448445706098,0.02707467122058846,-1.5907117485917321,0
2019-07-21 22:00:00+00:00,0.07585692181507911,0.11951070294762312,0.02725696146984189,-1.601564473018908,0
2019-07-22 22:00:00+00:00,0.0862388695382992,0.11923798300164505,0.02731072728937397,-1.208283950613981,0
2019-07-23 22:00:00+00:00,0.08620007803831774,0.11896938214828467,0.027361215219171866,-1.1976552886074172,0
2019-07-24 22:00:00+00:00,0.08982221584502874,0.11873432435551648,0.027375187570186175,-1.056142846011963,0
2019-07-25 22:00:00+00:00,0.08738524619286127,0.11848353173021524,0.027408382960605906,-1.1346267885285888,0
2019-07-28 22:00:00+00:00,0.08463246870926769,0.11821487249989025,0.027464597237170627,-1.2227524583965894,0
2019-07-29 22:00:00+00:00,0.10808294247582403,0.1181350935233228,0.02737016397321492,-0.3672667455458445,0
2019-07-30 22:00:00+00:00,0.10429024385334874,0.11802693063527613,0.027289645397133525,-0.5033662615260757,0
2019-07-31 22:00:00+00:00,0.10774103171299935,0.11794719498471584,0.027197917873728904,-0.3752553162010558,0
2019-08-01 22:00:00+00:00,0.15050205703621497,0.11819761700049661,0.02724233607927914,1.1858175430222933,0
2019-08-04 22:00:00+00:00,0.16485221692780144,0.1185537589846745,0.027441788026918497,1.6871516498018042,1
2019-08-05 22:00:00+00:00,0.1638618565723323,0.11889700214821737,0.027619828717336415,1.6279917911254598,1
2019-08-06 22:00:00+00:00,0.16611545891475443,0.11925202813894321,0.027817971056324147,1.6846458960261688,1
2019-08-07 22:00:00+00:00,0.18168321404477736,0.11971793251137482,0.028233103512931533,2.194774000138552,1
2019-08-08 22:00:00+00:00,0.18511229962203138,0.120202335230713,0.028685131602726524,2.26284352779991,1
2019-08-11 22:00:00+00:00,0.18412961169375036,0.1206723887341177,0.029099672302409205,2.180685139687258,1
2019-08-12 22:00:00+00:00,0.18415707672020015,0.12113578061722777,0.0294954710648768,2.136643146480143,1
2019-08-13 22:00:00+00:00,0.19568376878917607,0.12167598343006798,0.03006498971773691,2.4615935695945717,1
2019-08-14 22:00:00+00:00,0.19583886069712728,0.12220952930968713,0.03060919597406076,2.4054644052014975,1
2019-08-15 22:00:00+00:00,0.2052016971312187,0.12280233050841234,0.031295052043204374,2.6329838502600964,1
2019-08-18 22:00:00+00:00,0.21130086943620577,0.1234299797206662,0.032061359097594354,2.7407100693411572,1
2019-08-19 22:00:00+00:00,0.20490822157747995,0.12400377015627757,0.03267096408258622,2.4763411087805896,1
2019-08-20 22:00:00+00:00,0.2135206832761672,0.12462976255571734,0.03340526840178738,2.660985077302766,1
2019-08-21 22:00:00+00:00,0.2132858857325709,0.12524543007777883,0.03409825615113589,2.5819635838432533,1
2019-08-22 22:00:00+00:00,0.21302774401345495,0.12585082534630074,0.03475283911431805,2.5084833610396347,1
2019-08-25 22:00:00+00:00,0.2143928125751837,0.12645727731362186,0.03539953263444758,2.484087464363612,1
2019-08-26 22:00:00+00:00,0.20745075209577515,0.12700825333254806,0.035905003996648484,2.240425840663767,1
2019-08-27 22:00:00+00:00,0.20710500379960806,0.12754944759246062,0.036383338966132064,2.1865930524189334,1
2019-08-28 22:00:00+00:00,0.21202839258036174,0.12811642037761434,0.03691477181523041,2.2731272083368737,1
2019-08-29 22:00:00+00:00,0.18490959987645403,0.12849504157427327,0.037081772336722205,1.5213555002146764,1
2019-09-01 22:00:00+00:00,0.16694205612997165,0.12874965756470835,0.03709016058281024,1.0297178002233804,0
2019-09-02 22:00:00+00:00,0.16733718855057506,0.1290035229001417,0.03709940140891635,1.033269114720012,0
2019-09-03 22:00:00+00:00,0.1709636166321109,0.129277771878782,0.03713243947018276,1.1226260743467316,0
2019-09-04 22:00:00+00:00,0.16256068732258172,0.12949389470633915,0.03710794222333229,0.8910974480134667,0
2019-09-05 22:00:00+00:00,0.1542350653029086,0.12965351516180088,0.037040613096701196,0.6636377771861699,0
2019-09-08 22:00:00+00:00,0.15265211141789561,0.12980094206087842,0.03696682258626376,0.6181534618966225,0
2019-09-09 22:00:00+00:00,0.1518593722994551,0.12994144161653814,0.036890178390645546,0.5941400025453605,0
2019-09-10 22:00:00+00:00,0.1240100657906996,0.12990390126321005,0.03677553356031964,-0.16026512471514012,0
2019-09-11 22:00:00+00:00,0.11907249474480695,0.12983577920963518,0.03666903298830287,-0.29352517881400453,0
2019-09-12 22:00:00+00:00,0.11266437456593034,0.12972845793061202,0.03657873864075981,-0.46650278273037865,0
2019-09-15 22:00:00+00:00,0.11625160571634287,0.12964475077400167,0.036479716333525654,-0.36713950665647616,0
2019-09-16 22:00:00+00:00,0.11169667564788541,0.1295339601868034,0.03639357815910378,-0.490121758870144,0
2019-09-17 22:00:00+00:00,0.10321212151642672,0.129372476513979,0.03633960922443191,-0.7198854240833198,0
2019-09-18 22:00:00+00:00,0.10100079614452315,0.12919947846294574,0.036295644432049315,-0.7769164250882664,0
2019-09-19 22:00:00+00:00,0.08794512010767534,0.1289494520486714,0.03632706590035109,-1.12875430274152,0
2019-09-22 22:00:00+00:00,0.10053985114429427,0.12877830987454864,0.03628387912499511,-0.7782646015596926,0
2019-09-23 22:00:00+00:00,0.1016053354334694,0.12861559745274576,0.03623548567577507,-0.7454091345968583,0
2019-09-24 22:00:00+00:00,0.10432008244877601,0.12847098129200785,0.03617542824079742,-0.667605057291216,0
2019-09-25 22:00:00+00:00,0.09576506502379008,0.12827745516024325,0.03615524035925229,-0.899244198445305,0
2019-09-26 22:00:00+00:00,0.09388388018825919,0.12807514001334921,0.03614449926405379,-0.9459602573355805,0
2019-09-29 22:00:00+00:00,0.09443495411641624,0.1278784137800338,0.0361297368131142,-0.925649135962663,0
2019-09-30 22:00:00+00:00,0.10253617133676898,0.12773107516117763,0.036075727315739124,-0.6983893520399409,0
2019-10-01 22:00:00+00:00,0.14002532606127724,0.12780214019528224,0.03598284557745125,0.33969480928586393,0
2019-10-02 22:00:00+00:00,0.13381267383791243,0.12783668349207897,0.03588159148825904,0.16654752751947716,0
2019-10-03 22:00:00+00:00,0.13753913387075548,0.1278921260656714,0.035785851627911675,0.2695760298061413,0
2019-10-06 22:00:00+00:00,0.13881797486425607,0.127954204752027,0.03569296246452937,0.30436728593277046,0
2019-10-07 22:00:00+00:00,0.14353506022039916,0.1280422321840517,0.03561068023015241,0.43506127757788016,0
2019-10-08 22:00:00+00:00,0.14515162565358336,0.1281383523720828,0.03553309136157779,0.4788008200124449,0
2019-10-09 22:00:00+00:00,0.14902863053901977,0.12825505783670255,0.035467525000128515,0.5857068600710637,0
2019-10-10 22:00:00+00:00,0.16543370083692,0.12846160585337044,0.035476708937963515,1.0421512054063684,0
2019-10-13 22:00:00+00:00,0.16227393687889768,0.128648414312075,0.03546718344668015,0.9480742280360059,0
2019-10-14 22:00:00+00:00,0.16751815521092242,0.12886198431701373,0.03548623214791394,1.0893286932459267,0
2019-10-15 22:00:00+00:00,0.16751469988060294,0.12907320134195135,0.03550377026495993,1.0827441213078999,0
2019-10-16 22:00:00+00:00,0.1662693042299455,0.1292753540750383,0.03551265861641612,1.0417116486403064,0
2019-10-17 22:00:00+00:00,0.16757469495840444,0.1294823775392727,0.03552778791320097,1.0721837653443624,0
2019-10-20 22:00:00+00:00,0.16349234018899567,0.12966522680083034,0.03551928461659917,0.952359084742291,0
2019-10-21 22:00:00+00:00,0.16310054439068594,0.12984402529061567,0.035507954925615516,0.9365934808055911,0
2019-10-22 22:00:00+00:00,0.16088899972072643,0.13000915813332903,0.035485195256734395,0.8702176038199201,0
2019-10-23 22:00:00+00:00,0.16088137757334567,0.13017250320973123,0.03546186740700608,0.8659689015008666,0
2019-10-24 22:00:00+00:00,0.16034631297696594,0.13033131273482196,0.035435607180096716,0.8470293761186813,0
2019-10-27 23:00:00+00:00,0.1601020008778809,0.13048718021201075,0.03540781953604371,0.8363921036064781,0
2019-10-28 23:00:00+00:00,0.1539473901997534,0.1306093688056969,0.03535556969378288,0.660094621475167,0
2019-10-29 23:00:00+00:00,0.10783698579584558,0.13049137718388418,0.03530145545398528,-0.6417410018000003,0
2019-10-30 23:00:00+00:00,0.11022093824551364,0.1303868903852328,0.03523994598677191,-0.5722469650574632,0
2019-10-31 23:00:00+00:00,0.10936525871006651,0.13027908714587297,0.03518122631361359,-0.5944599045347582,0
2019-11-03 23:00:00+00:00,0.11275346251414664,0.13018967069367027,0.03511322384514942,-0.49657098580346626,0
2019-11-04 23:00:00+00:00,0.09828746027584705,0.13002773053926509,0.035097211216656855,-0.9043530572125446,0
2019-11-05 23:00:00+00:00,0.09732480108824637,0.1298625642289064,0.035085079353536684,-0.9273960253243699,0
2019-11-06 23:00:00+00:00,0.09465676423040638,0.12968565066107476,0.03508524181370004,-0.9983937581695774,0
2019-11-07 23:00:00+00:00,0.07269990719884366,0.1294007219437636,0.035228188541990994,-1.609529671880068,0
2019-11-10 23:00:00+00:00,0.07256425407934532,0.1291179534469257,0.03536794741279048,-1.599009937091466,0
2019-11-11 23:00:00+00:00,0.06382421162321507,0.12879471710126375,0.03557771314859476,-1.8261574375702918,0
2019-11-12 23:00:00+00:00,0.06776931068410814,0.128494099335662,0.03574706684336985,-1.6987348617336062,0
2019-11-13 23:00:00+00:00,0.06829772435649938,0.1281990190661563,0.035907112236111996,-1.6682292442724993,0
2019-11-14 23:00:00+00:00,0.06573793627208675,0.12789433085740476,0.03608367588003417,-1.7225627120686557,0
2019-11-17 23:00:00+00:00,0.06672604630070998,0.12759739743722662,0.03624697503212542,-1.6793498238836984,0
2019-11-18 23:00:00+00:00,0.06712664571335407,0.1273052682018456,0.03640234324651145,-1.653152438044181,0
2019-11-19 23:00:00+00:00,0.06841386021549199,0.12702213643268043,0.03654316660193757,-1.6038094578831856,0
2019-11-20 23:00:00+00:00,0.06920870714457905,0.12674551715379,0.03667390254069553,-1.56887612234244,0
2019-11-21 23:00:00+00:00,0.06847691197396857,0.12646804760531466,0.03680635275930327,-1.575574086641554,0
2019-11-24 23:00:00+00:00,0.06990615044955079,0.1261999817420172,0.036924503092733055,-1.5245657105009311,0
2019-11-25 23:00:00+00:00,0.06986347658481558,0.1259342435101436,0.03703954630974897,-1.5138081459321209,0
2019-11-26 23:00:00+00:00,0.06872126101917192,0.1256656379585428,0.03715944505916944,-1.5324334593451987,0
2019-11-27 23:00:00+00:00,0.0676610891838828,0.12539458866520325,0.03728355811347266,-1.5484975791636706,0
2019-11-28 23:00:00+00:00,0.06468548288790207,0.12511222073135536,0.03742606559033767,-1.6145629226667557,0
2019-12-01 23:00:00+00:00,0.08567568651041196,0.12492964418403617,0.03743521924341615,-1.0485836190348456,0
2019-12-02 23:00:00+00:00,0.08635544183126936,0.12475188288287134,0.03744014820252977,-1.0255419087525832,0
2019-12-03 23:00:00+00:00,0.09458557877844298,0.1246135053411079,0.03740961495770863,-0.8026793805980451,0
2019-12-04 23:00:00+00:00,0.09297012187188777,0.12446901500563202,0.037384914398732344,-0.842556246024528,0
2019-12-05 23:00:00+00:00,0.1006994149238839,0.1243609713688968,0.037333873334540184,-0.633782523259432,0
2019-12-08 23:00:00+00:00,0.10154766486793573,0.12425774373767073,0.03728052474067664,-0.6091673609131397,0
2019-12-09 23:00:00+00:00,0.09954368093646875,0.12414641913045811,0.037233049172680714,-0.6607768834587235,0
2019-12-10 23:00:00+00:00,0.09952596685024791,0.12403601351485179,0.03718566380358514,-0.6591262373065617,0
2019-12-11 23:00:00+00:00,0.10004301416041791,0.12392890191059092,0.03713681115447827,-0.6431862889577324,0
2019-12-12 23:00:00+00:00,0.09767776631556133,0.12381223019683524,0.03709512933603259,-0.704525482160485,0
2019-12-15 23:00:00+00:00,0.10493913279042498,0.12372872091627589,0.0370338889072812,-0.5073620049164403,0
2019-12-16 23:00:00+00:00,0.10612093058279196,0.12365115355797862,0.03697034073152463,-0.47416990561405986,0
2019-12-17 23:00:00+00:00,0.10638632653896389,0.12357543063245661,0.03690653417480616,-0.4657469057397071,0
2019-12-18 23:00:00+00:00,0.10541277106699502,0.12349611770858997,0.03684506357099661,-0.4907942852846546,0
2019-12-19 23:00:00+00:00,0.10699035845736121,0.12342435353793246,0.03678063386760322,-0.446811089219604,0
2019-12-22 23:00:00+00:00,0.10576414431344254,0.12334790241574851,0.036718978281641,-0.4788738392292799,0
2019-12-23 23:00:00+00:00,0.10578545515822835,0.12327220221205232,0.036657552050758616,-0.47702986357655836,0
2019-12-24 23:00:00+00:00,0.10575798890105059,0.1231970339145802,0.03659645471205928,-0.47652279847159856,0
2019-12-26 23:00:00+00:00,0.1049374978175984,0.12311900170903754,0.036537340606028694,-0.4976143197581047,0
2019-12-29 23:00:00+00:00,0.10857471448382675,0.12305711112510048,0.03647152837448382,-0.39708773629036886,0
2019-12-30 23:00:00+00:00,0.08328767879358212,0.12288859658132285,0.03648580274172453,-1.0853788271582638,0
2020-01-01 23:00:00+00:00,0.08595076475946367,0.12273274075085087,0.036487395655411585,-1.0080734821075652,0
2020-01-02 23:00:00+00:00,0.08372737805009174,0.12256885267227625,0.036498015416256996,-1.0642078529257153,0
2020-01-05 23:00:00+00:00,0.08689959402400939,0.12241960891224167,0.03649426616919883,-0.973303990373457,0
2020-01-06 23:00:00+00:00,0.08181439681622647,0.12225042052850826,0.036512037423998424,-1.1074710305183963,0
2020-01-07 23:00:00+00:00,0.08158966006808244,0.12208170368012476,0.036529910054032076,-1.1084627241663005,0
2020-01-08 23:00:00+00:00,0.082968301748082,0.1219200780523064,0.03654064839047511,-1.0659848147187718,0
2020-01-09 23:00:00+00:00,0.08293741330069798,0.12175965556361665,0.03655072156702341,-1.0621470821507573,0
2020-01-12 23:00:00+00:00,0.08234594536784798,0.12159812396445367,0.03656260450909568,-1.0735607904201936,0
2020-01-13 23:00:00+00:00,0.08196234852846072,0.12143634528920472,0.03657536718403623,-1.079250867451931,0
2020-01-14 23:00:00+00:00,0.07264366576516115,0.12123800106349723,0.03663297689590967,-1.326518874958316,0
2020-01-15 23:00:00+00:00,0.0710911385507273,0.12103497732862771,0.03669742247984144,-1.3609631250079068,0
2020-01-16 23:00:00+00:00,0.07411051111662549,0.12084576577132125,0.03674407759033746,-1.2719125834576854,0
2020-01-19 23:00:00+00:00,0.07405901096462339,0.12065786715763972,0.036789595579296175,-1.2666313793142223,0
2020-01-20 23:00:00+00:00,0.07198302225728781,0.12046316777803832,0.036844479438054,-1.3158048711818378,0
2020-01-21 23:00:00+00:00,0.07295230374655709,0.12027388146715594,0.0368928009045165,-1.2826778276627306,0
2020-01-22 23:00:00+00:00,0.0768821574163552,0.12010169208600195,0.03692055969450664,-1.1706088701596071,0
2020-01-23 23:00:00+00:00,0.0839221356373345,0.11980133304601717,0.03690572531538406,-0.9721851312247891,0
2020-01-26 23:00:00+00:00,0.11987401673876341,0.11970216944233922,0.03687167369894079,0.004660686081877812,0
2020-01-27 23:00:00+00:00,0.12185186631471005,0.11974554523460698,0.03686773180288914,0.0571318325565667,0
2020-01-28 23:00:00+00:00,0.12233815106493684,0.11978169462241905,0.036865782308441855,0.06934496659066922,0
2020-01-29 23:00:00+00:00,0.12386192943842958,0.11979122535399205,0.03686652841733668,0.11041734221232678,0
2020-01-30 23:00:00+00:00,0.1291425436047193,0.11982925585776458,0.03687123059210875,0.2525895555259273,0
2020-02-02 23:00:00+00:00,0.12914479510503876,0.11974374122923669,0.03682432037244187,0.25529470145598454,0
2020-02-03 23:00:00+00:00,0.13663733532910807,0.11967108031608198,0.03677260827653709,0.46138296433683984,0
2020-02-04 23:00:00+00:00,0.1410556740689025,0.11960637108536455,0.03672032854509109,0.584126118512231,0
2020-02-05 23:00:00+00:00,0.14350605967595745,0.11954143372330223,0.036663266088940334,0.653641328476305,0
2020-02-06 23:00:00+00:00,0.1435787091330393,0.11947738828328792,0.036606856778992725,0.6583826903046809,0
2020-02-09 23:00:00+00:00,0.14384462209492016,0.11941511945402754,0.036551748829618584,0.6683538660425716,0
2020-02-10 23:00:00+00:00,0.1455628741648371,0.1193699996970674,0.036512248269311084,0.717372271205361,0
2020-02-11 23:00:00+00:00,0.14904517667897318,0.11934607009886798,0.03649072394165656,0.8138809914429163,0
2020-02-12 23:00:00+00:00,0.1489977886167879,0.11932954513338577,0.036476289272754224,0.813356952555003,0
2020-02-13 23:00:00+00:00,0.14722206353619804,0.11930083586159822,0.03645137022979461,0.7659856817063514,0
2020-02-16 23:00:00+00:00,0.14739992579562045,0.11927712345222927,0.036431053581512746,0.771945897212875,0
2020-02-17 23:00:00+00:00,0.15024435044249643,0.11929192416222202,0.036442919035040995,0.8493399293978808,0
2020-02-18 23:00:00+00:00,0.15138890317350726,0.11932440665067708,0.0364679561795476,0.879251262806249,0
2020-02-19 23:00:00+00:00,0.151361277371221,0.11935658811994056,0.036492724857995804,0.8770156072428225,0
2020-02-20 23:00:00+00:00,0.14959629396041466,0.11937491223320239,0.03650679834450886,0.8278288729134198,0
2020-02-23 23:00:00+00:00,0.18581764113668825,0.11953854951512605,0.03671207379055189,1.8053758553574162,1
2020-02-24 23:00:00+00:00,0.19233559727842459,0.11972692882476092,0.036963476931814086,1.964335459772999,1
2020-02-25 23:00:00+00:00,0.19159316446928334,0.11992112110887487,0.037212131920522425,1.9260396989209174,1
2020-02-26 23:00:00+00:00,0.21704370920125668,0.12025603881107688,0.037703661067833294,2.5670629230420743,1
2020-02-27 23:00:00+00:00,0.24352962204855086,0.12069234929924427,0.0384865047503632,3.191697285738772,1
2020-03-01 23:00:00+00:00,0.24198775400908834,0.12125126272348664,0.039217220914273924,3.0786600496124685,1
2020-03-02 23:00:00+00:00,0.23826906081987678,0.12181318098363297,0.03987254285540374,2.9207036094629486,1
2020-03-03 23:00:00+00:00,0.23889952745300383,0.12238323671591568,0.040512956820252535,2.8760253479904323,1
2020-03-04 23:00:00+00:00,0.23971699771191465,0.12297298950331385,0.04113272153617707,2.8382271789607225,1
2020-03-05 23:00:00+00:00,0.2607072780227317,0.1236474362401773,0.04198674934153051,3.264359445111505,1
2020-03-08 23:00:00+00:00,0.3677134969343757,0.12475052346463152,0.04465878858652461,5.440429110588461,1
2020-03-09 23:00:00+00:00,0.36147478606477834,0.12589392551373918,0.04696620275508361,5.015965667472233,1
2020-03-10 23:00:00+00:00,0.3527327349055068,0.12700221569020803,0.04897585188407752,4.609016699690847,1
2020-03-11 23:00:00+00:00,0.5365009250764928,0.12883630656623996,0.0552474396606642,7.378887076291199,1
2020-03-12 23:00:00+00:00,0.5448896401933114,0.13067128029549727,0.06107355577590843,6.78228661546525,1
2020-03-15 23:00:00+00:00,0.5618192893806325,0.13256989055638607,0.06676854058527665,6.428916898011422,1
2020-03-16 23:00:00+00:00,0.5803871152452298,0.13444915727231513,0.07246250190171874,6.154051354419733,1
2020-03-17 23:00:00+00:00,0.5836400244207645,0.1363479544467661,0.0777666184538094,5.7517232826533915,1
2020-03-18 23:00:00+00:00,0.6099993021921901,0.13834368101091504,0.08327089308634221,5.664111476410168,1
2020-03-19 23:00:00+00:00,0.6559409866132642,0.14052599765085694,0.089400503900116,5.765235837353468,1
2020-03-22 23:00:00+00:00,0.6543012484027478,0.14270220604667255,0.09505036103336767,5.382399780432997,1
2020-03-23 23:00:00+00:00,0.7831412781139225,0.14537116264081978,0.1032347657156395,6.177861799288068,1
2020-03-24 23:00:00+00:00,0.7985421115244175,0.1480592763386945,0.11111954198454756,5.853901335160111,1
2020-03-25 23:00:00+00:00,0.8056287371111712,0.15077149525587116,0.11857568133225163,5.522694320603361,1
2020-03-26 23:00:00+00:00,0.808021709835688,0.15346608696272004,0.12558677720887196,5.211978819906587,1
2020-03-29 22:00:00+00:00,0.8086187193453975,0.15617513276456613,0.13218060085517586,4.936001064904247,1
2020-03-30 22:00:00+00:00,0.809857655355266,0.15890586284171276,0.13842646781205642,4.702509590849055,1
2020-03-31 22:00:00+00:00,0.8153541529162461,0.16166356010022936,0.14444784235742206,4.525443801358579,1
2020-04-01 22:00:00+00:00,0.8160658756003046,0.16440858610912956,0.1501938840680346,4.338773802507087,1
2020-04-02 22:00:00+00:00,0.8111224659907218,0.16713518494813454,0.1555973327612676,4.138806685270463,1
2020-04-05 22:00:00+00:00,0.799756036689117,0.1698170324116065,0.16059368261272977,3.9225640388146696,1
2020-04-06 22:00:00+00:00,0.8054654950785154,0.1725293605376308,0.16547983734672642,3.824853496892838,1
2020-04-07 22:00:00+00:00,0.8054117144226792,0.1752414966191532,0.17018160249811595,3.702927981363335,1
2020-04-08 22:00:00+00:00,0.6490995448961328,0.1773319349782855,0.17274494268523843,2.7310067813531496,1
2020-04-13 22:00:00+00:00,0.6490059510352733,0.17945222970054867,0.17523421200529357,2.6795778972689424,1
2020-04-14 22:00:00+00:00,0.6221578861084576,0.18147029118556696,0.1773879830482366,2.4843148185695063,1
2020-04-15 22:00:00+00:00,0.620968746343702,0.18359446595923887,0.17942955265409147,2.43758218150186,1
2020-04-16 22:00:00+00:00,0.5800078025685608,0.18556296490157584,0.18104580311511534,2.1787019134389043,1
2020-04-19 22:00:00+00:00,0.5770791245131965,0.18750805369181991,0.18260808301168976,2.1333725451596686,1
2020-04-20 22:00:00+00:00,0.5852608265896325,0.18948836806519948,0.18420426233973347,2.1485521208759977,1
2020-04-21 22:00:00+00:00,0.5679720149213863,0.19141119663589695,0.18561624797998472,2.0287061201996415,1
2020-04-22 22:00:00+00:00,0.4493764397043813,0.19287704509467565,0.18619046855164975,1.3776182884386048,0
2020-04-23 22:00:00+00:00,0.4412808126008184,0.19434888847898435,0.18668359170380602,1.3227296618206201,0
2020-04-26 22:00:00+00:00,0.4454728825187547,0.19584099532049756,0.18718343350958527,1.3336216913954302,0
2020-04-27 22:00:00+00:00,0.4211357346029472,0.19723637713160694,0.18754815548218778,1.1938232977855379,0
2020-04-28 22:00:00+00:00,0.43725479447691934,0.19864971302942996,0.18801085430563516,1.2691026926541538,0
2020-04-29 22:00:00+00:00,0.4503376712567524,0.20011317836391365,0.1885302967924522,1.3272375695048313,0
2020-05-03 22:00:00+00:00,0.4451136970629863,0.20147134377791304,0.18905893314115416,1.288711140156315,0
2020-05-04 22:00:00+00:00,0.4527473569492923,0.20286845033384143,0.1896111714927129,1.317849073175808,0
2020-05-05 22:00:00+00:00,0.4521460109783858,0.20421453364979586,0.19017339326395452,1.3037127490514357,0
2020-05-06 22:00:00+00:00,0.40939322457470784,0.20536465140746227,0.19053546860311188,1.0708167600660223,0
2020-05-07 22:00:00+00:00,0.40142549444656134,0.20647949928724021,0.19085848052477014,1.021416468491797,0
2020-05-10 22:00:00+00:00,0.40570085951340906,0.20758327556186681,0.1912041836770361,1.036157160066035,0
2020-05-11 22:00:00+00:00,0.39897872463661244,0.20866734932235598,0.19151279982732378,0.9937266620604441,0
2020-05-12 22:00:00+00:00,0.4133241018493592,0.20977682811778553,0.19188646912519264,1.060769290609924,0
2020-05-13 22:00:00+00:00,0.38481379873034544,0.21076318861072185,0.19214568872698948,0.905826257527556,0
2020-05-14 22:00:00+00:00,0.3855497902277347,0.21175257533622316,0.19240208381516002,0.9033021443701094,0
2020-05-17 22:00:00+00:00,0.4205403568721197,0.21283492679950788,0.19280757138608748,1.0772680169114943,0
2020-05-18 22:00:00+00:00,0.4227723016654893,0.21391698380737226,0.19321877111590566,1.0809266441966527,0
2020-05-19 22:00:00+00:00,0.394285127998243,0.21487737545233354,0.19351236940962466,0.927112582483765,0
2020-05-20 22:00:00+00:00,0.3958533075979968,0.2158477875212081,0.1938052624325694,0.9287958325663008,0
2020-05-21 22:00:00+00:00,0.3935610609162605,0.2167863352013103,0.19409184704051746,0.910778728784253,0
2020-05-24 22:00:00+00:00,0.39414306841879976,0.21771601393778597,0.19437898225506312,0.9076447074381072,0
2020-05-25 22:00:00+00:00,0.38612756245728697,0.21861003135899876,0.1946342568474673,0.8606785558287914,0
2020-05-26 22:00:00+00:00,0.38699338987457993,0.219512558395582,0.19488648606988532,0.8593763213470847,0
2020-05-27 22:00:00+00:00,0.3674315830675304,0.22032761499210723,0.1950745651959934,0.7540909699202779,0
2020-05-28 22:00:00+00:00,0.36194302122679867,0.22112136560356513,0.19524282599915596,0.7212641739975753,0
2020-05-31 22:00:00+00:00,0.3228215435992226,0.22180360968847482,0.19529683272534468,0.5172533138456687,0
2020-06-01 22:00:00+00:00,0.32474589296523454,0.22247234501987853,0.19535989753362643,0.5235135216415238,0
2020-06-02 22:00:00+00:00,0.3402536641452,0.22324236495672342,0.1954405050906802,0.5987054686242538,0
2020-06-03 22:00:00+00:00,0.340552446685336,0.22402111353539234,0.19551569274824018,0.5960203578134143,0
2020-06-04 22:00:00+00:00,0.35528980180626724,0.22486365046789344,0.19562247457921927,0.6667237576813109,0
2020-06-07 22:00:00+00:00,0.34767813580448864,0.2257002236607697,0.19569539895561874,0.6233049565533322,0
2020-06-08 22:00:00+00:00,0.3607667556102627,0.22658898531043228,0.1957985939401255,0.6852846468389937,0
2020-06-09 22:00:00+00:00,0.3384205876957615,0.22743385193065485,0.19582006288465725,0.5667791855959137,0
2020-06-10 22:00:00+00:00,0.3861917348075049,0.22839551133908348,0.19600293830740595,0.8050707036898493,0
2020-06-11 22:00:00+00:00,0.3863578678511286,0.2293582781838585,0.19618124374996088,0.8002782868854219,0
2020-06-14 22:00:00+00:00,0.337237678071618,0.2302003527399335,0.19618709142443694,0.5455880127205555,0
2020-06-15 22:00:00+00:00,0.34567450097848224,0.23107430649453128,0.1962090901319611,0.5840717899811685,0
2020-06-16 22:00:00+00:00,0.3453844478004475,0.2319466104218475,0.196226781284157,0.5780955924376608,0
2020-06-17 22:00:00+00:00,0.34210851109859686,0.232807173027512,0.1962325083500909,0.5569991383694924,0
2020-06-18 22:00:00+00:00,0.3422272708859453,0.23372415501849053,0.19620164430240822,0.5530183819469803,0
2020-06-21 22:00:00+00:00,0.337695248842386,0.23462571630937404,0.19615515246621754,0.5254490194988017,0
2020-06-22 22:00:00+00:00,0.3373468680855033,0.23554981610421125,0.1960880838985182,0.5191394089707931,0
2020-06-23 22:00:00+00:00,0.3585746966214664,0.23655318656300006,0.19606803969564204,0.6223426839370725,0
2020-06-24 22:00:00+00:00,0.3584308330008792,0.23757061233035962,0.19603247052052666,0.616531640649115,0
2020-06-25 22:00:00+00:00,0.3501575310673861,0.23854843310291723,0.1959768375232796,0.5695014746383542,0
2020-06-28 22:00:00+00:00,0.3506705304420073,0.23954494741166213,0.19590567479193974,0.5672402453291122,0
2020-06-29 22:00:00+00:00,0.33601308633594584,0.2404871352561768,0.19579594590951183,0.48788523498804665,0
2020-06-30 22:00:00+00:00,0.3047346645732537,0.24129928647304094,0.19563559135695124,0.3242527479801482,0
2020-07-01 22:00:00+00:00,0.3215873301176385,0.24217143970034433,0.19550109471657814,0.40621711368125585,0
2020-07-02 22:00:00+00:00,0.29354911092945246,0.2429388925604727,0.19532087829476788,0.25911320290400036,0
2020-07-05 22:00:00+00:00,0.3006679017869886,0.24373042920002996,0.19514829021582725,0.2917651624002842,0
2020-07-06 22:00:00+00:00,0.29283794791375867,0.2444996044464316,0.19495748728333953,0.24794299588543126,0
2020-07-07 22:00:00+00:00,0.2946552589555027,0.2452748732618995,0.19476609181517504,0.25353687201601366,0
2020-07-08 22:00:00+00:00,0.2370909610409488,0.24593294628463477,0.19445569075525954,-0.045470437040664655,0
2020-07-09 22:00:00+00:00,0.24141222856413838,0.24659118239699584,0.19415711501416796,-0.02667403578014407,0
2020-07-12 22:00:00+00:00,0.24401249788133042,0.24725301075538633,0.19386154509726305,-0.016715604285677706,0
2020-07-13 22:00:00+00:00,0.2234606473731243,0.24783497170981458,0.19356773707163208,-0.12592142009528312,0
2020-07-14 22:00:00+00:00,0.23319025263071635,0.24845931032416232,0.19326432023521295,-0.07900608697385382,0
2020-07-15 22:00:00+00:00,0.23192374152422116,0.24903742489553504,0.1929948412657187,-0.08867430475901408,0
2020-07-16 22:00:00+00:00,0.23231195266214777,0.2496172339218201,0.19272297295498259,-0.08979355701260686,0
2020-07-19 22:00:00+00:00,0.23154489227618022,0.2501796254949596,0.1924614172391142,-0.09682321519864714,0
2020-07-20 22:00:00+00:00,0.22452739501550367,0.2507238403712399,0.19219296485570356,-0.13630283176808394,0
2020-07-21 22:00:00+00:00,0.1869229778089903,0.2511297550898896,0.1919486439019621,-0.33449977022860844,0
2020-07-22 22:00:00+00:00,0.18477623326930104,0.2514340935454193,0.1917816634400257,-0.3475716034602214,0
2020-07-23 22:00:00+00:00,0.19517395927619918,0.25179474320979567,0.1915892116107412,-0.29553221424928144,0
2020-07-26 22:00:00+00:00,0.19286102503416636,0.25213252096107014,0.1914091786039551,-0.30965858773963234,0
2020-07-27 22:00:00+00:00,0.1928931787450333,0.2523007396980099,0.1913381198662487,-0.31048471153842394,0
2020-07-28 22:00:00+00:00,0.19121497266261872,0.25240535380806867,0.19129731946944661,-0.31987056230143923,0
2020-07-29 22:00:00+00:00,0.19110922070421607,0.2525134782689095,0.19125476941072003,-0.3210600067851258,0
2020-07-30 22:00:00+00:00,0.19488978716585603,0.25262766211117577,0.19121156675903772,-0.30195806626112864,0
2020-08-02 22:00:00+00:00,0.20359113989187366,0.2527145983248547,0.1911841610244437,-0.25694313885500386,0
2020-08-03 22:00:00+00:00,0.2037732945905387,0.2527886498921901,0.19116148487941606,-0.25640811135449215,0
2020-08-04 22:00:00+00:00,0.20080989727527668,0.25285484150164056,0.1911405029798764,-0.27228632035065464,0
2020-08-05 22:00:00+00:00,0.19908788605039737,0.25291409074501436,0.19112143653915975,-0.28163352928538865,0
2020-08-06 22:00:00+00:00,0.19193406881368466,0.25289921098320683,0.1911260558688924,-0.3189787069709779,0
2020-08-09 22:00:00+00:00,0.18669346596532643,0.2528629197342711,0.19113780163243135,-0.3461871655100032,0
2020-08-10 22:00:00+00:00,0.20472555217253535,0.2528610302701494,0.19113827701023367,-0.25183588996691036,0
2020-08-11 22:00:00+00:00,0.1940027207062958,0.25279238682280847,0.19115636724985224,-0.3075475170527343,0
2020-08-12 22:00:00+00:00,0.1953381152140459,0.2527544102102552,0.19116686853906306,-0.30034647444401086,0
2020-08-13 22:00:00+00:00,0.19949296287507562,0.252698744653108,0.19118038033378368,-0.27830147468657546,0
2020-08-16 22:00:00+00:00,0.19776798545874308,0.25263716568376743,0.19119562428572662,-0.28697926759572034,0
2020-08-17 22:00:00+00:00,0.19756798466122177,0.2525758174323696,0.19121086390430223,-0.2876815241976958,0
2020-08-18 22:00:00+00:00,0.19690118498729287,0.2525064062117828,0.19122795393549366,-0.2907797739824537,0
2020-08-19 22:00:00+00:00,0.20312481559997864,0.2524892397971169,0.19123220878857966,-0.25813864991599833,0
2020-08-20 22:00:00+00:00,0.19544942829454146,0.25244298751336663,0.19124463848787726,-0.298013892935555,0
2020-08-23 22:00:00+00:00,0.21406414907219373,0.2524510659121437,0.1912429675154285,-0.2007232858737832,0
2020-08-24 22:00:00+00:00,0.21415708164448383,0.2525671273477312,0.19121068680379827,-0.20087813262581913,0
2020-08-25 22:00:00+00:00,0.21575169693228644,0.25276081639853404,0.19114831732171483,-0.1936146756864142,0
2020-08-26 22:00:00+00:00,0.18867112714714443,0.25284547488502834,0.19111505440336976,-0.3357890770992679,0
2020-08-27 22:00:00+00:00,0.18058756190617783,0.2528836651440524,0.19109958781945843,-0.3783163745291613,0
2020-08-30 22:00:00+00:00,0.16869848825401715,0.25290802149695496,0.1910884207721058,-0.44068360030756154,0
2020-08-31 22:00:00+00:00,0.16870302355040273,0.2529654340296831,0.1910608278185123,-0.4410239997458861,0
2020-09-01 22:00:00+00:00,0.1767189313350137,0.2530609372833224,0.19101649549783253,-0.3996618498802631,0
2020-09-02 22:00:00+00:00,0.17573162327428923,0.2531556684379845,0.19097202079360914,-0.40542088229442996,0
2020-09-03 22:00:00+00:00,0.17832156546778463,0.2533711902620999,0.19085630423258318,-0.3932258098367952,0
2020-09-06 22:00:00+00:00,0.18562965608145954,0.2536353059816898,0.19071571574473167,-0.35658125831252513,0
2020-09-07 22:00:00+00:00,0.17032040224927467,0.253864099742338,0.1905804607880303,-0.43836444275356906,0
2020-09-08 22:00:00+00:00,0.17810299548937591,0.2541095417652468,0.19044230637122647,-0.39910536542081365,0
2020-09-09 22:00:00+00:00,0.1768529282465462,0.254368098323178,0.19029235841413514,-0.40734778171141695,0
2020-09-10 22:00:00+00:00,0.17168579177824828,0.2546398192369154,0.1901244740951277,-0.4363143033187909,0
2020-09-13 22:00:00+00:00,0.17193875327488312,0.2549213190667978,0.18994852286522365,-0.4368687081120093,0
2020-09-14 22:00:00+00:00,0.16962815999685882,0.2552454581139771,0.18973202082500476,-0.4512538144317007,0
2020-09-15 22:00:00+00:00,0.16832924524784637,0.255514463646134,0.1895597808429543,-0.4599352141608482,0
2020-09-16 22:00:00+00:00,0.15926756625584204,0.25574328202241337,0.18940799772501993,-0.5093539709270013,0
2020-09-17 22:00:00+00:00,0.1663152591104179,0.2559892946282135,0.18925073404490486,-0.47383718731848107,0
2020-09-20 22:00:00+00:00,0.2048710520967144,0.25642225489437587,0.189007366757929,-0.272747055746698,0
2020-09-21 22:00:00+00:00,0.20499555079949766,0.25686317422219823,0.18875611858623745,-0.27478644830791904,0
2020-09-22 22:00:00+00:00,0.202404035083852,0.257291622956196,0.18850833581040466,-0.29116796154599817,0
2020-09-23 22:00:00+00:00,0.20267801499139151,0.25768901122466675,0.18828622317640972,-0.292166868638786,0
2020-09-24 22:00:00+00:00,0.20340725117765104,0.25794052680052537,0.18817071788568798,-0.28980744844690876,0
2020-09-27 22:00:00+00:00,0.2323113948570883,0.2583313947410777,0.1880140879586773,-0.13839388402484076,0
2020-09-28 22:00:00+00:00,0.23249872800331522,0.25870821852731796,0.18786613005577066,-0.1395115261927314,0
2020-09-29 22:00:00+00:00,0.22255607500654115,0.25904051257550165,0.1877272314419353,-0.19434813632909334,0
2020-09-30 22:00:00+00:00,0.22228407972313027,0.25935300868463945,0.18759969234665458,-0.19759589420334261,0
2020-10-01 22:00:00+00:00,0.22136698298161417,0.2596554505787983,0.18747624251351852,-0.2042310379376375,0
2020-10-04 22:00:00+00:00,0.2169010150831651,0.2599247854381005,0.187365400147676,-0.229624948475147,0
2020-10-05 22:00:00+00:00,0.21647290585901283,0.260127321965966,0.18729042204633284,-0.23308408209018677,0
2020-10-06 22:00:00+00:00,0.20756614447181543,0.2603070529484775,0.1872178621164318,-0.28170874232001547,0
2020-10-07 22:00:00+00:00,0.2104584729701345,0.26047745103482356,0.18715260286123794,-0.2672630639381223,0
2020-10-08 22:00:00+00:00,0.21057173324633846,0.2606483122783384,0.18708703725773712,-0.26766461089986066,0
2020-10-11 22:00:00+00:00,0.21114024892115707,0.26082637158266864,0.18701819476504594,-0.26567534096847134,0
2020-10-12 22:00:00+00:00,0.2140134564008579,0.26101065238204346,0.18694880858138513,-0.25139072207954777,0
2020-10-13 22:00:00+00:00,0.2136406008786801,0.2612096534165263,0.1868712644156531,-0.25455520240950236,0
2020-10-14 22:00:00+00:00,0.22587240893456623,0.26145874811709724,0.18678178164927534,-0.19052360925302844,0
2020-10-15 22:00:00+00:00,0.2305740349396831,0.2617352760346328,0.18668385450061964,-0.16691985055861536,0
2020-10-18 22:00:00+00:00,0.16925766838183762,0.26176851528387285,0.18666657072297219,-0.49559407741693917,0
2020-10-19 22:00:00+00:00,0.1694359401836457,0.2618045852331057,0.1866477718879579,-0.4948821200228826,0
2020-10-20 22:00:00+00:00,0.17846702089867883,0.2618774622966803,0.18661148547183753,-0.4469737818500424,0
2020-10-21 22:00:00+00:00,0.17618903224582122,0.26196572278099006,0.1865654891537224,-0.4597671891208793,0
2020-10-22 22:00:00+00:00,0.17692059166275165,0.2622398640741127,0.1863887808640461,-0.45774896973865514,0
2020-10-25 23:00:00+00:00,0.16672382729235466,0.2624640818877907,0.18623910515097586,-0.5140717064647815,0
2020-10-26 23:00:00+00:00,0.17881406548084436,0.26273967239084933,0.18606295267937265,-0.45106027665070564,0
2020-10-27 23:00:00+00:00,0.21685414167074266,0.26315277032401035,0.18584405949990296,-0.24912622323175132,0
2020-10-28 23:00:00+00:00,0.21650506866344482,0.26362188781761203,0.1855752508631916,-0.2538960283497195,0
2020-10-29 23:00:00+00:00,0.21746248683438563,0.2640986246658109,0.18530044841787077,-0.25167849419476956,0
2020-11-01 23:00:00+00:00,0.22697581589369822,0.26462370026764936,0.18500563557161426,-0.203495878693803,0
2020-11-02 23:00:00+00:00,0.24266064221174774,0.26529814762881176,0.18461256283530536,-0.12262169523782171,0
2020-11-03 23:00:00+00:00,0.2529362296735741,0.2660139094367253,0.18421156150514326,-0.07099271976360769,0
2020-11-04 23:00:00+00:00,0.2563069524008296,0.2667777298366365,0.18376838094153222,-0.05697812312520869,0
2020-11-05 23:00:00+00:00,0.2566933180800368,0.26752742827868387,0.18333813691957962,-0.05909359820428076,0
2020-11-08 23:00:00+00:00,0.3538238171141736,0.2686604683293095,0.18298392222536194,0.4654143803955486,0
2020-11-09 23:00:00+00:00,0.3524389735909693,0.2697981708583527,0.18260812075811547,0.45255820162611177,0
2020-11-10 23:00:00+00:00,0.35234290867938756,0.27093157110588717,0.18222866414677774,0.446753741814882,0
2020-11-11 23:00:00+00:00,0.34422687133724794,0.2720311751758232,0.18182956697606328,0.3970514661728741,0
2020-11-12 23:00:00+00:00,0.34123264836435996,0.27311378941450926,0.1814241285948608,0.37546747214626175,0
2020-11-15 23:00:00+00:00,0.3425376053926088,0.27419842789962046,0.18101681861664434,0.37752943629904573,0
2020-11-16 23:00:00+00:00,0.3420494696241969,0.27528403328712137,0.18059799597890536,0.3696909036846347,0
2020-11-17 23:00:00+00:00,0.33482554446337176,0.2763353007236842,0.1801682623212533,0.32464232593527026,0
2020-11-18 23:00:00+00:00,0.3384710875971242,0.277401203941987,0.17973591984863926,0.3397756202909574,0
2020-11-19 23:00:00+00:00,0.3375226941526724,0.27846787629569136,0.1792896094005837,0.3293822662362762,0
2020-11-22 23:00:00+00:00,0.3223890766953462,0.279478701642959,0.178813796835696,0.23997239481367105,0
2020-11-23 23:00:00+00:00,0.31116648246350165,0.2804568008476241,0.17830761239789705,0.17222866260666586,0
2020-11-24 23:00:00+00:00,0.2677606476372003,0.2811793602171748,0.17788358146219202,-0.07543536322843022,0
2020-11-25 23:00:00+00:00,0.2688583533655779,0.2819035781200888,0.1774582379822235,-0.0735115196839591,0
2020-11-26 23:00:00+00:00,0.2684055867464543,0.2825933400564698,0.17706462515312868,-0.08012754268530858,0
2020-11-29 23:00:00+00:00,0.2731831355006983,0.28330847106293333,0.17665918030840247,-0.05731564894934281,0
2020-11-30 23:00:00+00:00,0.2668422498678727,0.28396776802699675,0.1762845907892851,-0.09714699442785883,0
2020-12-01 23:00:00+00:00,0.26494243537217865,0.28461615997344214,0.17591105389821718,-0.11183904686653051,0
2020-12-02 23:00:00+00:00,0.264224232796237,0.28526965422685396,0.175526252678083,-0.1198989957884788,0
2020-12-03 23:00:00+00:00,0.2613001614699459,0.28591161531661463,0.17513962303339564,-0.14052476201787772,0
2020-12-06 23:00:00+00:00,0.1257676081254162,0.28601369703869794,0.17503832382596787,-0.9154914501615466,0
2020-12-07 23:00:00+00:00,0.11997991874809914,0.286102197643589,0.17494833540990698,-0.9495504973297544,0
2020-12-08 23:00:00+00:00,0.12001124989382536,0.28616200763209454,0.17488872023849494,-0.9500370150327028,0
2020-12-09 23:00:00+00:00,0.11239962740018473,0.2861869230956557,0.17486341397224764,-0.9938459495195063,0
2020-12-10 23:00:00+00:00,0.11993567785306367,0.2862406903627751,0.17480998327682748,-0.95134733950722,0
2020-12-13 23:00:00+00:00,0.11146893377634125,0.28626472275447884,0.1747854390824199,-1.0000592148623593,0
2020-12-14 23:00:00+00:00,0.11412528823113911,0.2862930359678668,0.1747568585677647,-0.9851844966071359,0
2020-12-15 23:00:00+00:00,0.11612856979534772,0.2863341646404141,0.17471541689712572,-0.9741876124491363,0
2020-12-16 23:00:00+00:00,0.10989734551373152,0.28635048166563437,0.17469867911755108,-1.0100427607307279,0
2020-12-17 23:00:00+00:00,0.11141135186460403,0.2863729156456485,0.17467575737337915,-1.0016362110687997,0
2020-12-20 23:00:00+00:00,0.1471489744360684,0.28654042150524556,0.17452124721385193,-0.7987076031972886,0
2020-12-21 23:00:00+00:00,0.14183842903801394,0.28667242037252405,0.17439864327680538,-0.8304765943885798,0
2020-12-22 23:00:00+00:00,0.1496042163544844,0.286935581235861,0.17414036409855513,-0.7886245420025285,0
2020-12-23 23:00:00+00:00,0.14937097134129057,0.2871872487222968,0.17389439751358884,-0.7925285653336628,0
2020-12-27 23:00:00+00:00,0.15403287362645057,0.28746623878410776,0.17362285897978377,-0.7685241790264141,0
2020-12-28 23:00:00+00:00,0.14882259984838003,0.2877119649976965,0.17338152034358673,-0.8010621020860942,0
2020-12-29 23:00:00+00:00,0.14303409799856273,0.28795490031984866,0.17313458890784714,-0.8370413054691324,0
2020-12-30 23:00:00+00:00,0.14447046840950492,0.2882044273370765,0.17288111123754135,-0.8314034882045551,0
2021-01-03 23:00:00+00:00,0.14643305521517827,0.2884562715968666,0.17262698202602955,-0.8227173684834121,0
2021-01-04 23:00:00+00:00,0.14662474099849865,0.2887089990877309,0.17237133191027632,-0.824291699290174,0
2021-01-05 23:00:00+00:00,0.15391292086926953,0.2889929950222603,0.17208870176687102,-0.7849444662322111,0
2021-01-06 23:00:00+00:00,0.15541040319426094,0.2892844555566484,0.17179861801676624,-0.7792498793518954,0
2021-01-07 23:00:00+00:00,0.15594525731290723,0.28961501742786966,0.17145992094291002,-0.7795977006164003,0
2021-01-10 23:00:00+00:00,0.1592614992929519,0.2899648998117674,0.171101809487937,-0.763892567296492,0
2021-01-11 23:00:00+00:00,0.15202524239125392,0.2902740852533333,0.17078029586734905,-0.809512843152948,0
2021-01-12 23:00:00+00:00,0.15152435906099987,0.29058148742831896,0.17045897718618733,-0.8157806098732546,0
2021-01-13 23:00:00+00:00,0.15351526628866732,0.2909050280792371,0.17011945029750344,-0.8076076048347427,0
2021-01-14 23:00:00+00:00,0.1612703173783554,0.29125549638729986,0.16975924228059788,-0.7657031055433777,0
2021-01-17 23:00:00+00:00,0.1701259217602966,0.29162551132517256,0.1693913433662422,-0.7172715390902878,0
2021-01-18 23:00:00+00:00,0.1700903709756396,0.2919674487669913,0.16905703866638047,-0.7209228243484477,0
2021-01-19 23:00:00+00:00,0.13529819636267534,0.2920286558289909,0.16899726563969517,-0.9274141736734804,0
2021-01-20 23:00:00+00:00,0.13360750271593863,0.29207530517978947,0.1689517198992856,-0.9379472582955394,0
2021-01-21 23:00:00+00:00,0.13425480507898405,0.29212259348936903,0.16890568389587005,-0.9346505385082843,0
2021-01-24 23:00:00+00:00,0.15254855079930243,0.2922364292884201,0.1688014656935945,-0.8275276397343414,0
2021-01-25 23:00:00+00:00,0.15096284279887578,0.2923230177772858,0.16872304992060466,-0.8378237297448649,0
2021-01-26 23:00:00+00:00,0.16297281915814765,0.2924572559679727,0.16860612251243004,-0.7679699579134744,0
2021-01-27 23:00:00+00:00,0.16585124102631138,0.2925731841651839,0.16850857391682386,-0.7520207440686235,0
2021-01-28 23:00:00+00:00,0.17464675289824064,0.2927064820970463,0.16840149117898975,-0.7010610676441275,0
2021-01-31 23:00:00+00:00,0.1780517286585848,0.29284356808507256,0.16829357803976905,-0.6820928092654943,0
2021-02-01 23:00:00+00:00,0.1866099214194768,0.29301432686398704,0.16816330367440252,-0.6327444996592732,0
2021-02-02 23:00:00+00:00,0.17949383869020202,0.2931557920092064,0.1680522747554138,-0.6763487937573588,0
2021-02-03 23:00:00+00:00,0.17926382491894408,0.29328952594077035,0.16794773107255193,-0.6789356444033661,0
2021-02-04 23:00:00+00:00,0.17904057534966422,0.29340855530057464,0.16785569776790932,-0.6813470228996618,0
2021-02-07 23:00:00+00:00,0.17559400851515578,0.2935140958557269,0.16777287749880304,-0.7028554859316425,0
2021-02-08 23:00:00+00:00,0.17591320146892378,0.2936279495776822,0.16768291658976867,-0.7020079952255606,0
2021-02-09 23:00:00+00:00,0.17637769247884139,0.29374294071531404,0.16759215036901637,-0.7003027765802244,0
2021-02-10 23:00:00+00:00,0.17271642514467642,0.29383211561492584,0.16752145504868696,-0.7229861418947765,0
2021-02-11 23:00:00+00:00,0.1655574306288724,0.29388833993022484,0.16747582857920165,-0.7662652598291996,0
2021-02-14 23:00:00+00:00,0.16114972789170023,0.29392718298784587,0.16744377230816207,-0.7929674138718229,0
2021-02-15 23:00:00+00:00,0.1605127948094541,0.2939705024356595,0.16740769185837456,-0.7972017662074299,0
2021-02-16 23:00:00+00:00,0.16099553835530586,0.29387200202779684,0.16747886842154716,-0.7933924137703072,0
2021-02-17 23:00:00+00:00,0.16121160961849185,0.29374849414025744,0.16756549896719086,-0.7909556880066115,0
2021-02-18 23:00:00+00:00,0.15956412285240426,0.2936213947687619,0.16765541604365705,-0.7996000074429417,0
2021-02-21 23:00:00+00:00,0.1413825270129639,0.2933211519823004,0.1678607227754668,-0.9051469721870081,0
2021-02-22 23:00:00+00:00,0.13881777886228866,0.2929056287950534,0.16811387919149226,-0.9165682849852569,0
2021-02-23 23:00:00+00:00,0.12238798841055494,0.29243102655061465,0.16842672805997422,-1.0095965177184345,0
2021-02-24 23:00:00+00:00,0.12112597194650408,0.29196617302333944,0.16873817730808757,-1.012457309912207,0
2021-02-25 23:00:00+00:00,0.11183910916272079,0.291461965014251,0.16908685288170852,-1.0623111897244464,0
2021-02-28 23:00:00+00:00,0.11541876847906865,0.29096871807285085,0.16941937021318382,-1.0361858232201202,0
2021-03-01 23:00:00+00:00,0.10187530103647899,0.2903384324498895,0.16982735702786336,-1.109733641927252,0
2021-03-02 23:00:00+00:00,0.10304928974791654,0.28928817765946707,0.1701649830725106,-1.094460708359666,0
2021-03-03 23:00:00+00:00,0.10122498675790313,0.2882554403606302,0.1705145082112926,-1.0968594729251353,0
2021-03-04 23:00:00+00:00,0.10641925139031434,0.2872780059022366,0.1708490736527226,-1.0585878556154535,0
2021-03-07 23:00:00+00:00,0.13970409618191282,0.2857034153113851,0.17037084113535775,-0.856950157412661,0
2021-03-08 23:00:00+00:00,0.13896681443513054,0.28409261044726536,0.16982862664204007,-0.8545425990991897,0
2021-03-09 23:00:00+00:00,0.13823296336908505,0.2824117123281719,0.1691637893236598,-0.8523026679381764,0
2021-03-10 23:00:00+00:00,0.13814790827687484,0.28065679484020223,0.1683522192733622,-0.8464924738053399,0
2021-03-11 23:00:00+00:00,0.1381753789788199,0.2788890779932104,0.1674947173383671,-0.8401082807293885,0
2021-03-14 23:00:00+00:00,0.13345959204253338,0.27699804739737843,0.16642825246723697,-0.8624644747928361,0
2021-03-15 23:00:00+00:00,0.1331359019384835,0.27492342404549436,0.16493754836616387,-0.8596436864226963,0
2021-03-16 23:00:00+00:00,0.12951625450970605,0.27284094391099817,0.16343457537140754,-0.8769545188072022,0
2021-03-17 23:00:00+00:00,0.12679251068950118,0.2702363853101076,0.16047290896043656,-0.893882185783592,0
2021-03-18 23:00:00+00:00,0.13550810251456405,0.26760529797276694,0.15717805838573437,-0.8404302535282632,0
2021-03-21 23:00:00+00:00,0.1355676613255631,0.2649463254498082,0.15366859739231778,-0.8419330059604812,0
2021-03-22 23:00:00+00:00,0.13568490211059006,0.2622783222445499,0.1499947852962735,-0.8439854751210804,0
2021-03-23 23:00:00+00:00,0.1344008699312621,0.2596028545881445,0.1461752523581097,-0.8565197093017799,0
2021-03-24 23:00:00+00:00,0.13342919171067627,0.25691861465304694,0.1421868482836256,-0.8685010212480521,0
2021-03-25 23:00:00+00:00,0.126042812055375,0.25418325218931337,0.13796882789246503,-0.9287637076529559,0
2021-03-28 22:00:00+00:00,0.11818609232721096,0.25141388796997566,0.13357981374493966,-0.9973647357912394,0
2021-03-29 22:00:00+00:00,0.12268519834978753,0.2486819940507656,0.12905034491680029,-0.976338310309896,0
2021-03-30 22:00:00+00:00,0.12318826782679325,0.24599720131718497,0.12449741997889291,-0.9864375784752211,0
2021-03-31 22:00:00+00:00,0.12374732073667455,0.2432919704666221,0.11960255496132932,-0.9995158528895934,0
2021-04-05 22:00:00+00:00,0.11614244002163553,0.24055677493328465,0.11446742555445569,-1.0868972924743676,0
2021-04-06 22:00:00+00:00,0.08047097668014956,0.23830031236099897,0.11195897528050414,-1.409706861691265,0
2021-04-07 22:00:00+00:00,0.08046946737664329,0.23604421520362348,0.10934769700757524,-1.4227528524556168,0
2021-04-08 22:00:00+00:00,0.07875748934898448,0.23388786442283188,0.1070366920455329,-1.4493195941430597,0
2021-04-11 22:00:00+00:00,0.07887284553936959,0.2317366902132909,0.10464704705264583,-1.4607564090845164,0
2021-04-12 22:00:00+00:00,0.07887431054172575,0.22974806524493047,0.1027467332874038,-1.4684043947283434,0
2021-04-13 22:00:00+00:00,0.07870319928301767,0.22777038300195354,0.10081282702118485,-1.478652946490736,0
2021-04-14 22:00:00+00:00,0.07813471361679364,0.2257579777917439,0.09868741391871054,-1.4958671862305408,0
2021-04-15 22:00:00+00:00,0.08482253055375057,0.22384071793314214,0.09668544001684969,-1.4378399411034841,0
2021-04-18 22:00:00+00:00,0.08427632706102056,0.22239190796233516,0.09602559313658149,-1.4383205184149879,0
2021-04-19 22:00:00+00:00,0.09983735023671637,0.22103697358787444,0.09533113148967857,-1.271354083993855,0
2021-04-20 22:00:00+00:00,0.09936924242736749,0.21966354644465466,0.09457496434006668,-1.2719465966145176,0
2021-04-21 22:00:00+00:00,0.1015115295557681,0.21839519642462615,0.09400376899682873,-1.24339340981957,0
2021-04-22 22:00:00+00:00,0.10147712132584018,0.21706274534069328,0.09326603256188619,-1.2393110421863058,0
2021-04-25 22:00:00+00:00,0.1016063519543132,0.21567889089901696,0.09237389712998012,-1.2349001448341115,0
2021-04-26 22:00:00+00:00,0.10001275375025717,0.21430944271126803,0.09151302090441497,-1.248966407527879,0
2021-04-27 22:00:00+00:00,0.09983747349846982,0.21290900666582827,0.09054482825434298,-1.248790630534273,0
2021-04-28 22:00:00+00:00,0.09512359386619365,0.21149225104236716,0.08957453867179556,-1.2991265029290588,0
2021-04-29 22:00:00+00:00,0.09516578702362424,0.2102453167663708,0.08899389661887647,-1.2931171025759653,0
2021-05-02 22:00:00+00:00,0.0937378366243909,0.2090243339972352,0.08846965342249874,-1.303119125179321,0
2021-05-03 22:00:00+00:00,0.10702411377218987,0.20783910881572243,0.08782260197398245,-1.1479390587106395,0
2021-05-04 22:00:00+00:00,0.12442145179410967,0.20674959582825223,0.08714232949034276,-0.9447549143526888,0
2021-05-05 22:00:00+00:00,0.1250426227950576,0.20560562170502084,0.08630792181079806,-0.9334368991825722,0
2021-05-06 22:00:00+00:00,0.12746014624145394,0.20458437705228713,0.08569941268035552,-0.8999388490384838,0
2021-05-09 22:00:00+00:00,0.12775726886585143,0.20356139085640668,0.08506692767895799,-0.8911115525018077,0
2021-05-10 22:00:00+00:00,0.14761348758348913,0.20247834772430892,0.08402443756140314,-0.6529631346919258,0
2021-05-11 22:00:00+00:00,0.14764721311156892,0.2013865814998886,0.08293095308522934,-0.6480013359196652,0
2021-05-12 22:00:00+00:00,0.1475915375185425,0.20040763868052472,0.08209667429445207,-0.6433403254868684,0
2021-05-13 22:00:00+00:00,0.15242360378100575,0.19944164779236204,0.08121522617712493,-0.5789313928500686,0
2021-05-16 22:00:00+00:00,0.15216784323360352,0.19848373819838325,0.08033533768892867,-0.5765320255965353,0
2021-05-17 22:00:00+00:00,0.1344239944144066,0.19745310695233406,0.07947659430339431,-0.79305250923712,0
2021-05-18 22:00:00+00:00,0.14862056891320205,0.19651061888271468,0.07863404341323219,-0.6090243855049415,0
2021-05-19 22:00:00+00:00,0.15198818379528992,0.1955780585411302,0.07775461742628656,-0.5606081823650491,0
2021-05-20 22:00:00+00:00,0.15305254234982826,0.1947273480620917,0.07703632207027554,-0.540976056388648,0
2021-05-23 22:00:00+00:00,0.15286751691986183,0.193897683362461,0.07635107176283608,-0.5373882185969603,0
2021-05-24 22:00:00+00:00,0.15313151957522994,0.19322431025125467,0.07595677318769786,-0.5278369392674286,0
2021-05-25 22:00:00+00:00,0.1530981158568776,0.19254316827860246,0.07554114332155921,-0.5221664736237499,0
2021-05-26 22:00:00+00:00,0.15205010512795344,0.19179632875869274,0.07500340729670367,-0.5299255735610574,0
2021-05-27 22:00:00+00:00,0.15241485779953837,0.19104975102501895,0.07445112158802654,-0.5189296333138649,0
2021-05-30 22:00:00+00:00,0.1535439792555673,0.19024917236410346,0.07375948102119238,-0.4976335597858957,0
2021-05-31 22:00:00+00:00,0.1436013098744585,0.18943934368977797,0.07314185852112419,-0.6267004249294669,0
2021-06-01 22:00:00+00:00,0.1317175850921118,0.18853041840994403,0.0724239711039741,-0.7844479176137688,0
2021-06-02 22:00:00+00:00,0.13136116629387698,0.1877087540393016,0.07188925348426067,-0.7838110011500018,0
2021-06-03 22:00:00+00:00,0.12914362254655726,0.18668872184778992,0.07087828184101867,-0.8118862055700985,0
2021-06-06 22:00:00+00:00,0.12908025117767088,0.18566777892448258,0.06983602713783872,-0.8102913362342645,0
2021-06-07 22:00:00+00:00,0.1045024096611764,0.1847442262720602,0.06936088952301386,-1.1568740995494249,0
2021-06-08 22:00:00+00:00,0.10565040079740269,0.18379174968404002,0.0687878210181448,-1.1359765105224842,0
2021-06-09 22:00:00+00:00,0.10650983237053387,0.18284383454344513,0.0681954861231555,-1.1193409785958306,0
2021-06-10 22:00:00+00:00,0.09673517668002594,0.1818701308354349,0.06766207483326114,-1.2582374153498253,0
2021-06-13 22:00:00+00:00,0.09647077110014325,0.1808949066299357,0.06711042869798824,-1.2579883211552667,0
2021-06-14 22:00:00+00:00,0.09633229745476629,0.17993711714030228,0.06658396527303052,-1.2556299304601444,0
2021-06-15 22:00:00+00:00,0.07074468179879806,0.1788791719566249,0.06618977425042123,-1.6337038671368285,0
2021-06-16 22:00:00+00:00,0.059050121542646807,0.17769058237297877,0.06563709074336124,-1.8075216236230225,0
2021-06-17 22:00:00+00:00,0.08905409573267836,0.17662162706635895,0.06487089798862287,-1.3498738887357205,0
2021-06-20 22:00:00+00:00,0.09201430289480979,0.17559724917678524,0.0641538811767184,-1.3028509694017998,0
2021-06-21 22:00:00+00:00,0.09148764481694675,0.17456874566240005,0.06340922046400421,-1.3102369062022503,0
2021-06-22 22:00:00+00:00,0.09684930371101008,0.173619683032936,0.06276980312640171,-1.2230463614380116,0
2021-06-23 22:00:00+00:00,0.10353229008743685,0.17282126091196057,0.062373778653910805,-1.1108669751913345,0
2021-06-24 22:00:00+00:00,0.10147049183752427,0.171947781394976,0.06182096871881009,-1.1400224069282143,0
2021-06-27 22:00:00+00:00,0.1049161973902507,0.17119923808728074,0.06148381141227876,-1.0780567953500821,0
2021-06-28 22:00:00+00:00,0.10187004182139059,0.17041035769059187,0.06109011697350611,-1.1219542417790134,0
2021-06-29 22:00:00+00:00,0.10619898487514905,0.1696697268848831,0.060730249206396344,-1.0451256637202977,0
2021-06-30 22:00:00+00:00,0.11014206935764186,0.16893753168806616,0.06032831867092908,-0.9745914294600849,0
2021-07-01 22:00:00+00:00,0.1100024340992225,0.16843321213671011,0.06028750430528544,-0.9692021375043874,0
2021-07-04 22:00:00+00:00,0.10985207836024113,0.16791114804859944,0.06022261182004178,-0.9640742560593585,0
2021-07-05 22:00:00+00:00,0.11815976570273824,0.16741173244471613,0.06011073574032388,-0.8193539163244405,0
2021-07-06 22:00:00+00:00,0.11950142025241377,0.16699919582915773,0.060081268617939956,-0.7905587992621277,0
2021-07-07 22:00:00+00:00,0.13610841597740764,0.1666139504456129,0.059966293735384125,-0.5087113537951562,0
2021-07-08 22:00:00+00:00,0.15095945114040094,0.16629266357901043,0.059831727324353136,-0.2562722676463406,0
2021-07-11 22:00:00+00:00,0.15176426088512668,0.16597302988148255,0.059692622901558856,-0.23803224428231334,0
2021-07-12 22:00:00+00:00,0.15158971498460014,0.1656557474319128,0.05955503526839631,-0.23618544400018174,0
2021-07-13 22:00:00+00:00,0.15161350698985185,0.16536640660641416,0.05944489481273826,-0.23135543699566358,0
2021-07-14 22:00:00+00:00,0.15464755808567873,0.1652383295440201,0.0594330333770013,-0.17819671749144905,0
2021-07-15 22:00:00+00:00,0.14256727844053022,0.16507083369152492,0.059437228819515894,-0.3786104382377562,0
2021-07-18 22:00:00+00:00,0.16851573166239103,0.16496504707400983,0.059407153300278855,0.059768637127484384,0
2021-07-19 22:00:00+00:00,0.17160038773279312,0.1648806794656711,0.059382470354096245,0.11315979660415908,0
2021-07-20 22:00:00+00:00,0.1855514913467408,0.16485154578551908,0.05937047210939849,0.3486572504102566,0
2021-07-21 22:00:00+00:00,0.18047122099655954,0.16480891185033633,0.05935532071895965,0.2638737177477715,0
2021-07-22 22:00:00+00:00,0.18672469470958805,0.16479151293765923,0.059348222752596005,0.3695676256955719,0
2021-07-25 22:00:00+00:00,0.1840527901017862,0.16474850898105578,0.05933025007852826,0.32536996043636585,0
2021-07-26 22:00:00+00:00,0.1847016657044991,0.16467355075015352,0.05929290131504073,0.3377826773550899,0
2021-07-27 22:00:00+00:00,0.18358202751966807,0.16459342667447543,0.05925348368240949,0.3204638725879632,0
2021-07-28 22:00:00+00:00,0.1829846467851353,0.1645226915534828,0.05922070781686733,0.31174830413617777,0
2021-07-29 22:00:00+00:00,0.1846200709925992,0.16446527958896773,0.05919407179928982,0.3404866533251945,0
2021-08-01 22:00:00+00:00,0.1857441408353518,0.16444071638270455,0.05918391133846169,0.35995296645429453,0
2021-08-02 22:00:00+00:00,0.18006397674939084,0.1644144088858159,0.0591754533032954,0.26446046443219107,0
2021-08-03 22:00:00+00:00,0.18061953667445,0.1643187500941568,0.05912949576507789,0.27567944507858455,0
2021-08-04 22:00:00+00:00,0.16551370765901266,0.1642056984550803,0.05909974294677793,0.022132231693635165,0
2021-08-05 22:00:00+00:00,0.15303430348941383,0.16403782618633178,0.05907103410961339,-0.18627611422037404,0
2021-08-08 22:00:00+00:00,0.15288586433192428,0.16385287738258908,0.05903253321335393,-0.18577913658267203,0
2021-08-09 22:00:00+00:00,0.1524485113921125,0.16367303819978501,0.058997822539489195,-0.19025323858621354,0
2021-08-10 22:00:00+00:00,0.15295190333949876,0.16349599025803213,0.058962635386983486,-0.17882658821693487,0
2021-08-11 22:00:00+00:00,0.14780073538185684,0.1633011472040423,0.058932926707410065,-0.26301785246712467,0
2021-08-12 22:00:00+00:00,0.14505569527686552,0.1630707141868871,0.058890104395856034,-0.305909101279998,0
2021-08-15 22:00:00+00:00,0.09784799398319104,0.1626834069078738,0.0589971625927221,-1.0989581545177713,0
2021-08-16 22:00:00+00:00,0.1001483304785065,0.1622313600086925,0.05903831302175451,-1.0515718751535055,0
2021-08-17 22:00:00+00:00,0.07971860998090081,0.16169787401002747,0.05917448289254275,-1.385382009640811,0
2021-08-18 22:00:00+00:00,0.10562222669862711,0.16126085230275106,0.059180358043094954,-0.9401535820991158,0
2021-08-19 22:00:00+00:00,0.09693458114517398,0.16089681839004483,0.05929311886352369,-1.078746378514751,0
2021-08-22 22:00:00+00:00,0.09784599941513586,0.16056847885635023,0.059412618656211606,-1.0557097273250169,0
2021-08-23 22:00:00+00:00,0.09306520452963071,0.16026834677807883,0.05956223328707352,-1.1282844604658715,0
2021-08-24 22:00:00+00:00,0.09088721987266528,0.15995955390634178,0.05971983514689373,-1.1566062408541198,0
2021-08-25 22:00:00+00:00,0.08971533778465099,0.15961430155098322,0.059873853819608365,-1.167437191815448,0
2021-08-26 22:00:00+00:00,0.08568461898295052,0.15925697216887472,0.06004573703777591,-1.2252718813267034,0
2021-08-29 22:00:00+00:00,0.08327111353321003,0.158879787835801,0.06022377477522614,-1.2554622254215395,0
2021-08-30 22:00:00+00:00,0.08370914933286776,0.15847534138044947,0.06038543243848741,-1.2381494845423768,0
2021-08-31 22:00:00+00:00,0.08206708830517809,0.15812512981717924,0.06057209071225131,-1.2556614872898495,0
2021-09-01 22:00:00+00:00,0.08051530718632631,0.15773787708581793,0.06075553193509119,-1.2710376724541426,0
2021-09-02 22:00:00+00:00,0.08411315851655096,0.15736986212657192,0.06091993910829778,-1.2025078271958223,0
2021-09-05 22:00:00+00:00,0.08656014245136963,0.15703206193083036,0.061076051452506025,-1.1538388255871637,0
2021-09-06 22:00:00+00:00,0.08723634074943867,0.15669594124620556,0.06122657491182739,-1.1344681716525202,0
2021-09-07 22:00:00+00:00,0.09078516043300475,0.15638307220031725,0.061361523675917594,-1.0690398125341458,0
2021-09-08 22:00:00+00:00,0.0882477673291707,0.15606528855778282,0.0615066039171602,-1.102605523789799,0
2021-09-09 22:00:00+00:00,0.08654788750292597,0.1557767184040014,0.06166191310335899,-1.1227162346557853,0
2021-09-12 22:00:00+00:00,0.08922239282225239,0.15547079433142935,0.061800504977014566,-1.0719718477028093,0
2021-09-13 22:00:00+00:00,0.08882812922883142,0.15501030654227108,0.06186324492594448,-1.0698141908441,0
2021-09-14 22:00:00+00:00,0.0908943686690654,0.15455752407349949,0.061913478863028365,-1.028260026306655,0
2021-09-15 22:00:00+00:00,0.06995912025896524,0.15403194901467057,0.06206765960770914,-1.354535184459622,0
2021-09-16 22:00:00+00:00,0.07589945232241996,0.1535288594802699,0.06218547802575092,-1.2483526640368305,0
2021-09-19 22:00:00+00:00,0.09788467746928063,0.1531101191084113,0.062203549925974044,-0.887818166404526,0
2021-09-20 22:00:00+00:00,0.10408244191526393,0.15260127405705484,0.06207742594670316,-0.7815857600707697,0
2021-09-21 22:00:00+00:00,0.11785246986729095,0.1521463285882611,0.06190942581865695,-0.5539359841815137,0
2021-09-22 22:00:00+00:00,0.12384219746153771,0.1517546068519714,0.061774295231251955,-0.45184504794338215,0
2021-09-23 22:00:00+00:00,0.12385446904473703,0.15136401315880316,0.06163759642454658,-0.4463111105855957,0
2021-09-26 22:00:00+00:00,0.12634022861121907,0.15098692286368254,0.061498144204307874,-0.4007713496293924,0
2021-09-27 22:00:00+00:00,0.14176566999529813,0.15068876673238152,0.06135928477235663,-0.14542374100656708,0
2021-09-28 22:00:00+00:00,0.14375450115210198,0.15040020163433823,0.06121951118090563,-0.10855526863973147,0
2021-09-29 22:00:00+00:00,0.14463543665806028,0.15015047660333122,0.06111365344473841,-0.09024235394890734,0
2021-09-30 22:00:00+00:00,0.14326697685920958,0.14988384368225613,0.060995948877833606,-0.10848043099221573,0
2021-10-03 22:00:00+00:00,0.14144342499007687,0.14960952499869956,0.060877259055501474,-0.13414040210282308,0
2021-10-04 22:00:00+00:00,0.15022927669384153,0.1493678147914483,0.060752775730523706,0.014179794948206845,0
2021-10-05 22:00:00+00:00,0.15382764808328267,0.14912898221875948,0.06061577432336992,0.07751556285426617,0
2021-10-06 22:00:00+00:00,0.1674877125498578,0.14894583583650226,0.060489673070921506,0.30652962352129115,0
2021-10-07 22:00:00+00:00,0.167182367380861,0.14871293884620976,0.06030501298281032,0.30626688597042306,0
2021-10-10 22:00:00+00:00,0.16559604705348635,0.14845508968793125,0.060092140011272145,0.28524458210907083,0
2021-10-11 22:00:00+00:00,0.16595625029717495,0.14844198882251589,0.060087946440470254,0.29147711832706125,0
2021-10-12 22:00:00+00:00,0.16486725586274711,0.1484238591228298,0.06008227588448672,0.27368132278363005,0
2021-10-13 22:00:00+00:00,0.16961241109830563,0.1483887217823521,0.06006722332388604,0.35333228575448106,0
2021-10-14 22:00:00+00:00,0.16844718403323683,0.1483580001624609,0.0600549266378256,0.33451350281265285,0
2021-10-17 22:00:00+00:00,0.1527364301077604,0.14826203126740142,0.060028418756851866,0.07453800937990296,0
2021-10-18 22:00:00+00:00,0.15067704198530738,0.14819835354792904,0.060017266712452444,0.041299588820896,0
2021-10-19 22:00:00+00:00,0.14331496258236462,0.14805748409198266,0.059986773879661455,-0.0790594526575465,0
2021-10-20 22:00:00+00:00,0.1393833930525976,0.14775006048635514,0.05983110746649141,-0.13983808403418455,0
2021-10-21 22:00:00+00:00,0.1396218281539518,0.1474449682621111,0.05967493207709701,-0.13109591977502696,0
2021-10-24 22:00:00+00:00,0.13812405542136927,0.14713013321682136,0.05951312838894696,-0.1513292619502883,0
2021-10-25 22:00:00+00:00,0.12079222285622335,0.1467087697523869,0.05932114420857521,-0.43688548563797186,0
2021-10-26 22:00:00+00:00,0.11924655157798118,0.14621903129749103,0.059034580543152665,-0.45689288331258154,0
2021-10-27 22:00:00+00:00,0.11629153302447942,0.1456767904377724,0.05867692987750484,-0.5007974594894151,0
2021-10-28 22:00:00+00:00,0.11412750591663703,0.14511258628505733,0.05829122563336959,-0.5315565084066867,0
2021-10-31 23:00:00+00:00,0.11308972277530444,0.1445427307481338,0.05789666520206414,-0.5432611336603893,0
2021-11-01 23:00:00+00:00,0.10742644877932668,0.1435649634134717,0.05640971738926171,-0.640643426464399,0
2021-11-02 23:00:00+00:00,0.08928798911536856,0.14252071347507644,0.054944338100399025,-0.9688482234955031,0
2021-11-03 23:00:00+00:00,0.07221947082725115,0.1414091125312188,0.05349701105891256,-1.2933365871183695,0
2021-11-04 23:00:00+00:00,0.07050549991107362,0.14032291661286098,0.0521237969454512,-1.339453777222963,0
2021-11-07 23:00:00+00:00,0.0721168185668021,0.13925499665334684,0.050729318379005135,-1.3234591008092587,0
2021-11-08 23:00:00+00:00,0.06874520205414307,0.13816851886232118,0.049269150312272525,-1.409062595319111,0
2021-11-09 23:00:00+00:00,0.06894235620757874,0.1370847604757473,0.04774678311199664,-1.427162205008266,0
2021-11-10 23:00:00+00:00,0.06298945339871248,0.13600604582866532,0.04631066250993222,-1.576669139947912,0
2021-11-11 23:00:00+00:00,0.058393574070439096,0.1348946271241943,0.044767409631164386,-1.7088559218422985,0
2021-11-14 23:00:00+00:00,0.04864616114585542,0.13374829167575458,0.0432303142294265,-1.9685753399398354,0
2021-11-15 23:00:00+00:00,0.04854975967170502,0.13266162771931156,0.041890568399507354,-2.007895124397398,0
2021-11-16 23:00:00+00:00,0.0496548768976936,0.13162388325278057,0.04067236231967505,-2.0153490399901086,0
2021-11-17 23:00:00+00:00,0.05156729742901229,0.1307659731329068,0.04006493081958446,-1.9767580795417419,0
2021-11-18 23:00:00+00:00,0.06228456194078373,0.12994623586534812,0.039334895299369815,-1.7201437402999367,0
2021-11-21 23:00:00+00:00,0.06187365068710174,0.12912666469050943,0.038582934341693,-1.7430767034930672,0
2021-11-22 23:00:00+00:00,0.06465836579487079,0.128299185445645,0.037707233144641014,-1.6877615869256348,0
2021-11-23 23:00:00+00:00,0.06500413180029349,0.12749824053267844,0.036887419723056564,-1.6941848793322583,0
2021-11-24 23:00:00+00:00,0.06490058908665235,0.12670442368233903,0.03606103048740413,-1.7138676782205193,0
2021-11-25 23:00:00+00:00,0.17890610039208088,0.12636585966486225,0.035153862679076504,1.4945794494011737,0
2021-11-28 23:00:00+00:00,0.1750773234093929,0.12602370554557432,0.03424311654872681,1.4325103205491505,0
2021-11-29 23:00:00+00:00,0.1753337883960173,0.12622039673712435,0.03438370422806244,1.428391523296341,0
2021-11-30 23:00:00+00:00,0.1993574562320289,0.12653538696523517,0.03468854599209988,2.0993116656829187,1
2021-12-01 23:00:00+00:00,0.20202976889275007,0.12686085727872295,0.03501037090114402,2.1470469943399215,1
2021-12-02 23:00:00+00:00,0.2007934444685605,0.12721162639407366,0.03530646353404657,2.084089164113839,1
2021-12-05 23:00:00+00:00,0.21244766023089814,0.12757873743525552,0.035709173777199545,2.3766700211314262,1
2021-12-06 23:00:00+00:00,0.22085915193743083,0.12801282560256147,0.03617441387454333,2.5666297360579273,1
2021-12-07 23:00:00+00:00,0.22012314459924473,0.1284334520167206,0.03662573196223011,2.503422803319757,1
2021-12-08 23:00:00+00:00,0.22019298989865255,0.1288464060647496,0.03707040429516406,2.4641377824363078,1
2021-12-09 23:00:00+00:00,0.21971052375345893,0.12928217264506595,0.037489828718914625,2.412076933890323,1
2021-12-12 23:00:00+00:00,0.2190341162402837,0.1297092471068742,0.03789624038214024,2.3570905248824254,1
2021-12-13 23:00:00+00:00,0.2187632312023727,0.12999343066547067,0.038293971949761564,2.3181142100735976,1
2021-12-14 23:00:00+00:00,0.218821603163666,0.13029891945168356,0.03869381921243891,2.2877732287415307,1
2021-12-15 23:00:00+00:00,0.22406083985684525,0.1305943822433596,0.039123704465354445,2.3889981506289573,1
2021-12-16 23:00:00+00:00,0.2235463385953753,0.13088872893881232,0.039542321855135176,2.3432516177481357,1
2021-12-19 23:00:00+00:00,0.22733033339522998,0.13117959187440273,0.039980394187380294,2.4049473116795075,1
2021-12-20 23:00:00+00:00,0.2348311803779923,0.13152089576539325,0.04049540984119087,2.5511603665142943,1
2021-12-21 23:00:00+00:00,0.23740098369289545,0.13189536753402153,0.04103502217298103,2.571111469469187,1
2021-12-22 23:00:00+00:00,0.2395311406751515,0.1322725924239646,0.04158434051893239,2.5793014128083755,1
2021-12-23 23:00:00+00:00,0.1672884417714875,0.13235535189442613,0.04163335825865843,0.8390649070399308,0
2021-12-26 23:00:00+00:00,0.16791193439804666,0.13243982488410688,0.041683990611318625,0.8509768137292473,0
2021-12-27 23:00:00+00:00,0.1626526098417705,0.1324745061895533,0.04170555767631953,0.7235990916709968,0
2021-12-28 23:00:00+00:00,0.14317476365319232,0.13242595206439034,0.04168586683126197,0.257852658607569,0
2021-12-29 23:00:00+00:00,0.13406218744166862,0.1323391144855362,0.0416594619918444,0.04136090275169032,0
2021-12-30 23:00:00+00:00,0.1315901756092841,0.13222930764552168,0.04162467049944557,-0.015354644939377863,0
2022-01-02 23:00:00+00:00,0.12478147052705846,0.13212119743971135,0.04160842686142609,-0.17640000995705338,0
2022-01-03 23:00:00+00:00,0.12251392211260895,0.13200607665817013,0.04159465924050081,-0.22820608988950797,0
2022-01-04 23:00:00+00:00,0.12402797413453835,0.13188906359406644,0.041575381041421555,-0.18908039475804395,0
2022-01-05 23:00:00+00:00,0.12892488208113412,0.13176070869209333,0.04153422081118766,-0.06827687038720984,0
2022-01-06 23:00:00+00:00,0.12886386996669286,0.13159697039132506,0.04146364567216322,-0.0659155841298124,0
2022-01-09 23:00:00+00:00,0.13328565437589923,0.1314509199286277,0.0413922758946415,0.044325527109009444,0
2022-01-10 23:00:00+00:00,0.13306583399833474,0.13144206134781683,0.041391688113884946,0.03922943770861122,0
2022-01-11 23:00:00+00:00,0.13300514846710546,0.13143967105317858,0.04139157995766896,0.03782115627206991,0
2022-01-12 23:00:00+00:00,0.1294374277639113,0.13142055447653145,0.041391387061724225,-0.047911579036065015,0
2022-01-13 23:00:00+00:00,0.12798525814293765,0.13132308109297447,0.04137035104832627,-0.080681523493426,0
2022-01-16 23:00:00+00:00,0.11253730155217741,0.13117059878643994,0.04136848880985719,-0.4504224778407335,0
2022-01-17 23:00:00+00:00,0.11138518072637613,0.13096588593552025,0.04133811797198662,-0.47367190790865893,0
2022-01-18 23:00:00+00:00,0.10925658448793456,0.1307413039651298,0.041301555250517034,-0.5201915362963553,0
2022-01-19 23:00:00+00:00,0.10599495112342074,0.1304688761803091,0.0412371639267269,-0.5934919554694734,0
2022-01-20 23:00:00+00:00,0.12733751511881317,0.13026762930118307,0.041127626515556626,-0.07124442693675954,0
2022-01-23 23:00:00+00:00,0.18187202959865628,0.1302488281431639,0.04110284295935292,1.2559520884368793,0
2022-01-24 23:00:00+00:00,0.18202178685987458,0.13025885968351977,0.04111521617914616,1.2589725164234749,0
2022-01-25 23:00:00+00:00,0.1975646610405474,0.13033148204908168,0.04121815281997113,1.6311545858234027,1
2022-01-26 23:00:00+00:00,0.19895979038166337,0.13041052655317692,0.04133088043325854,1.658548356819555,1
2022-01-27 23:00:00+00:00,0.20520645501717577,0.13052803626151827,0.04150159912183763,1.7994106332245554,1
2022-01-30 23:00:00+00:00,0.2022715145238277,0.13063263274189488,0.041649391343132086,1.72004630732127,1
2022-01-31 23:00:00+00:00,0.20137525113363386,0.13073182940322342,0.041788313503149654,1.6905066466749352,1
2022-02-01 23:00:00+00:00,0.19902402928141302,0.13083622465773426,0.04192625005681243,1.626374992547162,1
2022-02-02 23:00:00+00:00,0.19952891289015673,0.1309710321270251,0.04209262055790494,1.6287387160611586,1
2022-02-03 23:00:00+00:00,0.20395819887364677,0.13114090701187406,0.04230076646904014,1.7214177883766615,1
2022-02-06 23:00:00+00:00,0.2034192871929627,0.13131117087053878,0.04250531800966493,1.6964492844407812,1
2022-02-07 23:00:00+00:00,0.2018305870627586,0.13147321471461598,0.04269634402897764,1.647854727336647,1
2022-02-08 23:00:00+00:00,0.20922970605253205,0.13166376271633837,0.042936067371556606,1.8065451282475384,1
2022-02-09 23:00:00+00:00,0.208324938803362,0.13185725801773107,0.04317153071113643,1.771252478798615,1
2022-02-10 23:00:00+00:00,0.2090690643630321,0.13212585538816782,0.043440750459119215,1.771221909420585,1
2022-02-13 23:00:00+00:00,0.22109760798262698,0.13245236264658186,0.04379898509220177,2.023910945640337,1
2022-02-14 23:00:00+00:00,0.2303025177083812,0.13288059490570023,0.04422566513459893,2.202836803159014,1
2022-02-15 23:00:00+00:00,0.23031437588788362,0.13331388222292795,0.04464294531522552,2.172806766668989,1
2022-02-16 23:00:00+00:00,0.23009776000351823,0.13378316258340728,0.04503613382514181,2.138607141413691,1
2022-02-17 23:00:00+00:00,0.2220523086627754,0.13420631155239024,0.04536266696660534,1.936526288788417,1
2022-02-20 23:00:00+00:00,0.19377586139373487,0.13457099631571268,0.0454709916910971,1.3020359327156283,0
2022-02-21 23:00:00+00:00,0.1924733955042997,0.13492585387823802,0.04557283559799778,1.2627597311190792,0
2022-02-22 23:00:00+00:00,0.17591246697634144,0.13522223276799372,0.04559564779988588,0.892414872290718,0
2022-02-23 23:00:00+00:00,0.22516429132566107,0.13569344324392765,0.04590930544450739,1.948860851094356,1
2022-02-24 23:00:00+00:00,0.263285481668536,0.13618384556728727,0.046607062383097045,2.727089621236128,1
2022-02-27 23:00:00+00:00,0.26384600824855514,0.13667939792368972,0.0472955774380749,2.6887632462330617,1
2022-02-28 23:00:00+00:00,0.28950742085476483,0.13727969338990276,0.04826544979415603,3.153968897297913,1
2022-03-01 23:00:00+00:00,0.29048711411033085,0.13788421404797202,0.04922092777025125,3.100366185185783,1
2022-03-02 23:00:00+00:00,0.2947479947124358,0.13850553395167683,0.050203034447281115,3.112211492411505,1
2022-03-03 23:00:00+00:00,0.3302721959321547,0.13928653634806423,0.05163470340778711,3.6987848671420394,1
2022-03-06 23:00:00+00:00,0.330177448801011,0.14006844724831236,0.05301466506944299,3.5859700575996882,1
2022-03-07 23:00:00+00:00,0.3279282527606099,0.1408557964477207,0.05431474494198298,3.4442296748831853,1
2022-03-08 23:00:00+00:00,0.4377700855629704,0.14208983444325035,0.057436940373184614,5.147910894950165,1
2022-03-09 23:00:00+00:00,0.4439470176574976,0.14331379839223024,0.06050078046738642,4.96908001752683,1
2022-03-10 23:00:00+00:00,0.4474705534559164,0.1445515082816364,0.06345973838738951,4.7734051994528075,1
2022-03-13 23:00:00+00:00,0.454199627008916,0.14581545560266151,0.0663869044692783,4.645256076806001,1
2022-03-14 23:00:00+00:00,0.4474557113255373,0.14705773671930547,0.06904817134034504,4.350556557472631,1
2022-03-15 23:00:00+00:00,0.4713346188562399,0.1483986312714704,0.07200035427175593,4.4851999806263425,1
2022-03-16 23:00:00+00:00,0.47138228179833347,0.1497690259926726,0.07480498442226721,4.2993559625677324,1
2022-03-17 23:00:00+00:00,0.47130727783241133,0.1511703005383282,0.07747089815423491,4.1323514367515175,1
2022-03-20 23:00:00+00:00,0.46632989499576677,0.152533969969463,0.07995223440640305,3.9247924383358215,1
2022-03-21 23:00:00+00:00,0.4685966519941944,0.1539046381606035,0.08237131252451808,3.820407908881163,1
2022-03-22 23:00:00+00:00,0.4705258154468071,0.1552807432983421,0.08472842995079533,3.7206528237515846,1
2022-03-23 23:00:00+00:00,0.4453956799027398,0.15658730377406077,0.08663957253317368,3.3334464573690776,1
2022-03-24 23:00:00+00:00,0.4247161401783855,0.15795335601016486,0.08813561215236279,3.026730939442044,1
2022-03-27 22:00:00+00:00,0.4234391290371361,0.1593143467310399,0.08957072441328973,2.9487847065676704,1
2022-03-28 22:00:00+00:00,0.41080634010273476,0.1606320009006976,0.09081465895497834,2.754779262300174,1
2022-03-29 22:00:00+00:00,0.41469666472437183,0.16196463510381268,0.09206548933974706,2.745133181097949,1
2022-03-30 22:00:00+00:00,0.4103607276829894,0.1632800573940558,0.09323427648687696,2.65010551482867,1
2022-03-31 22:00:00+00:00,0.36517404078739496,0.1644168464476446,0.09394269014614583,2.1370177288667604,1
2022-04-03 22:00:00+00:00,0.3524782000372009,0.16550551107629702,0.09452663119394529,1.9779895527777998,1
2022-04-04 22:00:00+00:00,0.36071663896560624,0.16660032896682025,0.09518386218060983,2.0393825754879904,1
2022-04-05 22:00:00+00:00,0.2574784193187691,0.16728763885673198,0.09521237354363987,0.9472590284780459,0
2022-04-06 22:00:00+00:00,0.23615092769184676,0.16782856575139518,0.09521486062123302,0.7175598587728816,0
2022-04-07 22:00:00+00:00,0.23946834822767749,0.16838451458393605,0.09522255294671728,0.7465020779637898,0
2022-04-10 22:00:00+00:00,0.22706530321494728,0.16888274384448837,0.09519972434332379,0.6111631075803547,0
2022-04-11 22:00:00+00:00,0.22788811576499013,0.16938437477480245,0.09517617488246947,0.6146889288462412,0
2022-04-12 22:00:00+00:00,0.1835361151522084,0.16970949288273063,0.09508361480935208,0.14541540408619222,0
2022-04-13 22:00:00+00:00,0.18587679336234092,0.1700502231986516,0.09498665946982326,0.1666188731346778,0
2022-04-18 22:00:00+00:00,0.1858769345200251,0.1703916496312768,0.09488785818176115,0.163195641523341,0
2022-04-19 22:00:00+00:00,0.19434621249466957,0.1707853901813898,0.09478008906563475,0.24858409129541986,0
2022-04-20 22:00:00+00:00,0.19212363061084906,0.17117014352895812,0.09466862476783455,0.2213350741418003,0
2022-04-21 22:00:00+00:00,0.19125809694693813,0.17155712868896825,0.09455008374115073,0.20836542368280833,0
2022-04-24 22:00:00+00:00,0.1995241154781822,0.17192419218780156,0.0944780796508302,0.29213044329842186,0
2022-04-25 22:00:00+00:00,0.20122481089444375,0.17222896742232668,0.0944481054271136,0.3070029127740778,0
2022-04-26 22:00:00+00:00,0.20044982770165545,0.17252820236243224,0.09441746117539769,0.2957252291221185,0
2022-04-27 22:00:00+00:00,0.1650061730332292,0.1726771945322409,0.0943756746178985,-0.08128176598545735,0
2022-04-28 22:00:00+00:00,0.16164626003803906,0.17281167465594002,0.09433554763092936,-0.11835850745875368,0
2022-05-01 22:00:00+00:00,0.16111942084999747,0.17286526962921983,0.09432501070081352,-0.12452528435410029,0
2022-05-02 22:00:00+00:00,0.16819258492861375,0.17294679888246206,0.09431200502244584,-0.05040942510677014,0
2022-05-03 22:00:00+00:00,0.16861971134958867,0.17303024401671224,0.09429878358184049,-0.04677189354511385,0
2022-05-04 22:00:00+00:00,0.16267119223055063,0.1730709090502422,0.0942920711781267,-0.11029259077410139,0
2022-05-05 22:00:00+00:00,0.15095289762669442,0.17306608783751637,0.09429317527710553,-0.2345152779703989,0
2022-05-08 22:00:00+00:00,0.1689127138449665,0.1732029478352567,0.09426188931042159,-0.04551398260395211,0
2022-05-09 22:00:00+00:00,0.158847401541212,0.17324353050441546,0.09425346477600491,-0.15273845897778013,0
2022-05-10 22:00:00+00:00,0.17516773432876206,0.17333551284780227,0.09424394898262906,0.019441263876766327,0
2022-05-11 22:00:00+00:00,0.1756022000274211,0.1734249956163641,0.09423531880864455,0.023103910917710895,0
2022-05-12 22:00:00+00:00,0.1889030813602545,0.17356799388795296,0.09423134055492188,0.1627387170976689,0
2022-05-15 22:00:00+00:00,0.1873435678863322,0.1737037559844256,0.09422642483628492,0.14475569804972724,0
2022-05-16 22:00:00+00:00,0.194706600071856,0.17386886901702472,0.0942266289927595,0.22114482156028817,0
2022-05-17 22:00:00+00:00,0.189953499787344,0.17401927931329214,0.09422191352940215,0.16911374304746576,0
2022-05-18 22:00:00+00:00,0.1886331094134095,0.17416300253398212,0.09421645046030588,0.15358365560082038,0
2022-05-19 22:00:00+00:00,0.1851981724544999,0.17428861441175564,0.09420995199085096,0.11580048404868871,0
2022-05-22 22:00:00+00:00,0.18243474289690823,0.17444271533644792,0.0941913146592209,0.0848488800626154,0
2022-05-23 22:00:00+00:00,0.1897095144414523,0.17467284204021513,0.09415734978123519,0.1596972773360051,0
2022-05-24 22:00:00+00:00,0.1909354146491817,0.17490924778765682,0.09412295345820368,0.1702684230859955,0
2022-05-25 22:00:00+00:00,0.1984238036514385,0.17518416914124763,0.09408991879590639,0.2469938842289868,0
2022-05-26 22:00:00+00:00,0.20006369612432842,0.17546584947833754,0.09405759324366963,0.26151898850172195,0
2022-05-29 22:00:00+00:00,0.19482840524066747,0.1758242859687323,0.09395814243919869,0.20226154730797197,0
2022-05-30 22:00:00+00:00,0.19262376615877613,0.17616941837096003,0.09385903425719272,0.1753091529018705,0
2022-05-31 22:00:00+00:00,0.19096385931048182,0.1765045533984995,0.09376003978736998,0.15421608123005598,0
2022-06-01 22:00:00+00:00,0.18892384962430997,0.1768703814657387,0.09362731431712942,0.1287388007066444,0
2022-06-02 22:00:00+00:00,0.18589515751330762,0.17722524014198143,0.09349074110498641,0.09273557219522109,0
2022-06-05 22:00:00+00:00,0.16426264594082757,0.1774948050169261,0.09335440409609082,-0.14174113373889158,0
2022-06-06 22:00:00+00:00,0.16807753107898013,0.17788104648232367,0.09311201620618488,-0.10528732813211651,0
2022-06-07 22:00:00+00:00,0.16226482985582757,0.17829062865816964,0.09281375217196741,-0.1726662097729774,0
2022-06-08 22:00:00+00:00,0.16914143771309456,0.17860843557079034,0.09264393640761344,-0.10218691287083292,0
2022-06-09 22:00:00+00:00,0.18845641327714244,0.1789911423580218,0.0924838559623181,0.10234511548672015,0
2022-06-12 22:00:00+00:00,0.2075424570709617,0.17945167732728376,0.0923352206311304,0.30422605319694507,0
2022-06-13 22:00:00+00:00,0.1995701637248158,0.179859299787656,0.0921957419931184,0.21379364720152758,0
2022-06-14 22:00:00+00:00,0.2087082127048317,0.18027666455994726,0.09208683577095048,0.30874715052217483,0
2022-06-15 22:00:00+00:00,0.2284247586050497,0.18078045133283427,0.09200121651974726,0.5178660573688068,0
2022-06-16 22:00:00+00:00,0.2289271547066323,0.18127255830631198,0.0919254391584313,0.5184048815713436,0
2022-06-19 22:00:00+00:00,0.22609741461316893,0.1817655240713587,0.09183097989004455,0.4827552814408797,0
2022-06-20 22:00:00+00:00,0.22152124443707782,0.18222315208549333,0.09174020538963602,0.4283628119719038,0
2022-06-21 22:00:00+00:00,0.22183230450836264,0.18266636730434543,0.0916603440426554,0.42729424172563435,0
2022-06-22 22:00:00+00:00,0.21326133305344913,0.18307612483987806,0.09156496789617896,0.3296589176746788,0
2022-06-23 22:00:00+00:00,0.22766381952162376,0.18354363174924862,0.09149034311120438,0.4822387398716833,0
2022-06-26 22:00:00+00:00,0.22621551742074908,0.18397242441479628,0.09143588330959007,0.4619968821531822,0
2022-06-27 22:00:00+00:00,0.22877783722495706,0.18440606099008414,0.09138802039707217,0.48553164891942974,0
2022-06-28 22:00:00+00:00,0.23324573572858437,0.1847915265446523,0.09138835189798206,0.5302011490263233,0
2022-06-29 22:00:00+00:00,0.23448597465601312,0.1851229810030476,0.09141662411103228,0.5399783040884389,0
2022-06-30 22:00:00+00:00,0.23573894547004615,0.18545621387838457,0.09144758755449335,0.5498530134728622,0
2022-07-03 22:00:00+00:00,0.22752659800486072,0.18575755071576658,0.0914606586781646,0.45668867787266576,0
2022-07-04 22:00:00+00:00,0.24183028721171088,0.18611555381188505,0.09150303397134674,0.608884000690866,0
2022-07-05 22:00:00+00:00,0.25436968335640653,0.18651127653121335,0.09158200211263408,0.740957887574199,0
2022-07-06 22:00:00+00:00,0.26993030716292793,0.18701668537534982,0.0916898967821618,0.9042830747706643,0
2022-07-07 22:00:00+00:00,0.2609578209505058,0.1873835190630011,0.09180043801860065,0.801459159406157,0
2022-07-10 22:00:00+00:00,0.24997989571336868,0.1876945488565748,0.09187949509387644,0.677902580909427,0
2022-07-11 22:00:00+00:00,0.24943382536741376,0.18794805018205368,0.09196164967195784,0.6686023511397396,0
2022-07-12 22:00:00+00:00,0.24206808722214251,0.18819248219088533,0.09202353797274143,0.5854546153965069,0
2022-07-13 22:00:00+00:00,0.22806752809041894,0.1883565410535077,0.09205775726900899,0.43137035069047747,0
2022-07-14 22:00:00+00:00,0.24389553903178654,0.1885940122794204,0.09212377232158507,0.6002959427162831,0
2022-07-17 22:00:00+00:00,0.2442919542398738,0.18883048167837027,0.09219019758483862,0.601598369614782,0
2022-07-18 22:00:00+00:00,0.25901199336305286,0.18912980693965356,0.0922954826481433,0.7571571697588941,0
2022-07-19 22:00:00+00:00,0.25524617020469764,0.1894165590167153,0.09238852170791453,0.7125301928317681,0
2022-07-20 22:00:00+00:00,0.24572020056516872,0.1896590198483525,0.09245603357291095,0.6063550268204647,0
2022-07-21 22:00:00+00:00,0.23480537991515893,0.1898537073050184,0.09249940174447609,0.4859671712722721,0
2022-07-24 22:00:00+00:00,0.23484750136892918,0.19007110224398482,0.09254066970933919,0.48385644134176314,0
2022-07-25 22:00:00+00:00,0.23616388675651837,0.19029151633161207,0.0925842059501994,0.4954664778307958,0
2022-07-26 22:00:00+00:00,0.2283819847363688,0.1905409936216016,0.09260187440174701,0.40864174034530465,0
2022-07-27 22:00:00+00:00,0.2174549045399566,0.1907966309273577,0.09258683942063059,0.28792724516157087,0
2022-07-28 22:00:00+00:00,0.2218895612193662,0.19107045512135548,0.09257631030212346,0.3329048867624163,0
2022-07-31 22:00:00+00:00,0.22147067759602004,0.19134435260629165,0.0925636917474526,0.32546589727561814,0
2022-08-01 22:00:00+00:00,0.18687663745354346,0.19147897456706167,0.09253229667279397,-0.04973762976825982,0
2022-08-02 22:00:00+00:00,0.18398556063142996,0.19162256514344886,0.0924923141996394,-0.08256907158290863,0
2022-08-03 22:00:00+00:00,0.1736655483507776,0.19173609630644056,0.09245247745889666,-0.19545769299364554,0
2022-08-04 22:00:00+00:00,0.17250324691117042,0.192032347310123,0.09226985837077811,-0.21165200363131215,0
2022-08-07 22:00:00+00:00,0.16253426876401406,0.19227991055728771,0.09210589430783939,-0.3229504693136878,0
2022-08-08 22:00:00+00:00,0.16805655109358553,0.19263045794265554,0.09184351830359197,-0.2675627774606816,0
2022-08-09 22:00:00+00:00,0.16477954086601476,0.19286520918935152,0.09169572386321372,-0.3062920182105035,0
2022-08-10 22:00:00+00:00,0.1460033677714476,0.19305992659659862,0.0915431742721625,-0.5140367831822118,0
2022-08-11 22:00:00+00:00,0.12951237592721862,0.19318558682085293,0.09143362301379204,-0.6963872675594371,0
2022-08-14 22:00:00+00:00,0.1270533111705788,0.1933204602599043,0.09131033211773466,-0.7257354951231725,0
2022-08-15 22:00:00+00:00,0.10258977421809265,0.19336689896762427,0.09126099147502366,-0.9946979896046334,0
2022-08-16 22:00:00+00:00,0.12329832654695382,0.19350016479604606,0.09113346005753575,-0.7703190266755082,0
2022-08-17 22:00:00+00:00,0.12322594575555021,0.19364913831498498,0.09098708096063218,-0.7739911184743372,0
2022-08-18 22:00:00+00:00,0.13225836323521395,0.19384353216300879,0.09080246215368654,-0.6782323680117798,0
2022-08-21 22:00:00+00:00,0.15455215703459915,0.19412465520944427,0.09056949489307897,-0.43692965519529603,0
2022-08-22 22:00:00+00:00,0.1514069343754366,0.19439981332877068,0.09033271856001497,-0.47593916842844286,0
2022-08-23 22:00:00+00:00,0.1506456301929188,0.19467810826133655,0.09008816490718152,-0.4887709513650848,0
2022-08-24 22:00:00+00:00,0.1441566898556025,0.1949163762428407,0.0898737215180803,-0.5647889675629669,0
2022-08-25 22:00:00+00:00,0.14963809521016477,0.1951666855791851,0.08965831556477666,-0.5078010899739318,0
2022-08-28 22:00:00+00:00,0.14981749601433156,0.19541502349690293,0.08944459099476712,-0.5097851862863235,0
2022-08-29 22:00:00+00:00,0.15078976860681526,0.1956531370214022,0.08924458907864823,-0.5027012716149141,0
2022-08-30 22:00:00+00:00,0.1469717167136934,0.19588616856657887,0.08903945249707725,-0.5493570600570695,0
2022-08-31 22:00:00+00:00,0.14960607091653713,0.1961363994531408,0.088819286022881,-0.5238764081555085,0
2022-09-01 22:00:00+00:00,0.18471679225050597,0.196515345482618,0.08856466953980684,-0.1332196381855068,0
2022-09-04 22:00:00+00:00,0.18984913918090013,0.19691622250623733,0.08830353929650561,-0.08003171086503512,0
2022-09-05 22:00:00+00:00,0.19241291309938238,0.19731907387302428,0.0880491312400685,-0.055720717564664034,0
2022-09-06 22:00:00+00:00,0.18709553251187647,0.19778390090577394,0.08768252544535451,-0.12189850075154002,0
2022-09-07 22:00:00+00:00,0.18697697883561426,0.19822468474114377,0.08734591559987923,-0.12877197323174047,0
2022-09-08 22:00:00+00:00,0.19745948009647918,0.19861982284680726,0.0871151107929907,-0.013319649596559402,0
2022-09-11 22:00:00+00:00,0.21696154307462254,0.1990677557879158,0.08691705563642796,0.2058719908961946,0
2022-09-12 22:00:00+00:00,0.2202086800707653,0.19947393122523122,0.08677505966901655,0.23894825223540037,0
2022-09-13 22:00:00+00:00,0.21585632876384958,0.19983906666690704,0.08664904443548956,0.1848521492798162,0
2022-09-14 22:00:00+00:00,0.21529754949278604,0.20020193603376435,0.08652094617819762,0.17447351336092562,0
2022-09-15 22:00:00+00:00,0.21735995586916304,0.2005631254276451,0.0864012776687613,0.19440488491284086,0
2022-09-18 22:00:00+00:00,0.2066667478119922,0.20082066938723517,0.08632200845434793,0.06772407789664421,0
2022-09-19 22:00:00+00:00,0.21262297106380773,0.20109395696624988,0.08624960767650555,0.13367033669068348,0
2022-09-20 22:00:00+00:00,0.21456888850853595,0.2013714706640692,0.08617970436804766,0.1531383513234685,0
2022-09-21 22:00:00+00:00,0.2207129010733301,0.201678795760157,0.08610973403846207,0.22104475789776892,0
2022-09-22 22:00:00+00:00,0.22701389367224184,0.20201836111207036,0.08603994650100712,0.2905107868689679,0
2022-09-25 22:00:00+00:00,0.22705564857507315,0.2023232276671546,0.08599180692871534,0.2876136900858589,0
2022-09-26 22:00:00+00:00,0.2258864320974374,0.20260917522276634,0.08594970047404121,0.27082417677187043,0
2022-09-27 22:00:00+00:00,0.22538101675233893,0.20283891055690315,0.0859328201287361,0.26232243002924166,0
2022-09-28 22:00:00+00:00,0.23167681161175382,0.20309484089115273,0.08592224254550093,0.33264926372778547,0
2022-09-29 22:00:00+00:00,0.21359789813583868,0.20328532442719383,0.08589198219346837,0.12006445124780311,0
2022-10-02 22:00:00+00:00,0.21003450136080473,0.20346023812189074,0.08586053654326939,0.07656909103521498,0
2022-10-03 22:00:00+00:00,0.2536135495947247,0.2038124059541605,0.08588361086440335,0.5798678367074288,0
2022-10-04 22:00:00+00:00,0.25651137584102907,0.20415724311583797,0.0859201942363077,0.6093344316843684,0
2022-10-05 22:00:00+00:00,0.2569474228748042,0.20450843453981246,0.08595451262551665,0.6100783627667804,0
2022-10-06 22:00:00+00:00,0.25061908412758627,0.20489685777004985,0.08594078778030259,0.5320200982381016,0
2022-10-09 22:00:00+00:00,0.23043169478143583,0.20521334448749481,0.085887157699172,0.2936218984247994,0
2022-10-10 22:00:00+00:00,0.22746044485880215,0.20554725513144895,0.08580908566825114,0.25537143947754426,0
2022-10-11 22:00:00+00:00,0.22656065839277073,0.20589319666057662,0.0857169608849995,0.2411128616648251,0
2022-10-12 22:00:00+00:00,0.2373041633719509,0.20628082497493375,0.08563690684550644,0.36226598483974803,0
2022-10-13 22:00:00+00:00,0.2362609296484784,0.2066702570155175,0.08554882292640925,0.34589222412113557,0
2022-10-16 22:00:00+00:00,0.24856015438974036,0.207177272616841,0.08541634204426514,0.4844843595790323,0
2022-10-17 22:00:00+00:00,0.2450656333000765,0.20767655468716675,0.08526790965161118,0.4384894477380126,0
2022-10-18 22:00:00+00:00,0.24410512056930075,0.20818375146313828,0.08510213484369573,0.42209715622455374,0
2022-10-19 22:00:00+00:00,0.23619819508865214,0.20866815895985263,0.08491183174778913,0.324219081865659,0
2022-10-20 22:00:00+00:00,0.2162241093751013,0.2090774223987407,0.0846975979483062,0.08437886255903598,0
2022-10-23 22:00:00+00:00,0.22077882128060808,0.2095272334007299,0.08445625173657229,0.1332238602652298,0
2022-10-24 22:00:00+00:00,0.22183653327128083,0.2100532196870629,0.08411649570058777,0.14008326768819027,0
2022-10-25 22:00:00+00:00,0.22189110625768313,0.21064715474829476,0.08366659538678115,0.13438997317159684,0
2022-10-26 22:00:00+00:00,0.20114240777199532,0.21116555517631433,0.0831982183969978,-0.12047310143699771,0
2022-10-27 22:00:00+00:00,0.1984519639469442,0.211666885118299,0.08273635895344533,-0.1597232624025753,0
2022-10-30 23:00:00+00:00,0.1980267903825779,0.2121799072942055,0.08224597978002317,-0.17208278081775943,0
2022-10-31 23:00:00+00:00,0.15303578646327384,0.21251361138252173,0.08183205197523977,-0.7268279785681571,0
2022-11-01 23:00:00+00:00,0.14589186741010848,0.2128425892159003,0.08139401431741711,-0.8225509254857498,0
2022-11-02 23:00:00+00:00,0.148730629681301,0.21320106959530846,0.08090855686964005,-0.7968309213311308,0
2022-11-03 23:00:00+00:00,0.16315588496609257,0.2136554732612618,0.08029996073558215,-0.6288868367128863,0
2022-11-06 23:00:00+00:00,0.16222077446082422,0.21410654871677418,0.07968572144123526,-0.6511301311893555,0
2022-11-07 23:00:00+00:00,0.1594868524586582,0.21454238988963514,0.07908073574257514,-0.6961940466790116,0
2022-11-08 23:00:00+00:00,0.155212365410545,0.2149536798419428,0.07849711332854213,-0.7610638391421639,0
2022-11-09 23:00:00+00:00,0.16113703113348402,0.21534595154508845,0.0779764136399285,-0.6951963790220572,0
2022-11-10 23:00:00+00:00,0.1610577045345587,0.21573953906035614,0.07744719370860734,-0.7060531428877352,0
2022-11-13 23:00:00+00:00,0.1529237820897478,0.21608979864882785,0.07695925355770918,-0.8207722091757811,0
2022-11-14 23:00:00+00:00,0.15211734102749147,0.21643548598703102,0.07647200582557627,-0.8410678426068978,0
2022-11-15 23:00:00+00:00,0.15929655827539932,0.21681007316635148,0.07595622976801172,-0.7571928605015287,0
2022-11-16 23:00:00+00:00,0.16229887012414265,0.216744171458939,0.07599644111617859,-0.7164190919356842,0
2022-11-17 23:00:00+00:00,0.15942235329680046,0.21668204856166684,0.07603702486478979,-0.7530501800496068,0
2022-11-20 23:00:00+00:00,0.1554689951172054,0.21660322001690963,0.07609034026003794,-0.8034426537031986,0
2022-11-21 23:00:00+00:00,0.15191034146580526,0.21641493781545634,0.07619181938976224,-0.8466079018230984,0
2022-11-22 23:00:00+00:00,0.15179535222651722,0.21621559489217768,0.07629525037573043,-0.8443545613706064,0
2022-11-23 23:00:00+00:00,0.15124751066303643,0.216018984043743,0.07639892003680648,-0.8478061384833949,0
2022-11-24 23:00:00+00:00,0.1513469773574786,0.21577652101646758,0.07650717853252424,-0.8421372333264009,0
2022-11-27 23:00:00+00:00,0.15644615691069727,0.21552091389334563,0.07659767700248382,-0.7712343153792085,0
2022-11-28 23:00:00+00:00,0.15638256310362214,0.21526797507788678,0.07668760752710008,-0.7678608561814313,0
2022-11-29 23:00:00+00:00,0.15121191419982447,0.21499424065051048,0.07679299843776839,-0.8305747626507125,0
2022-11-30 23:00:00+00:00,0.14187322795920282,0.2146853624925968,0.07693036934986558,-0.946468022300236,0
2022-12-01 23:00:00+00:00,0.10930146918974627,0.21424991548049147,0.07721568551197681,-1.3591596784369258,0
2022-12-04 23:00:00+00:00,0.1143837025700046,0.21383571100179158,0.07747091577008726,-1.283733481696972,0
2022-12-05 23:00:00+00:00,0.11427225319150831,0.2134208326288862,0.07772364179851857,-1.275655349428926,0
2022-12-06 23:00:00+00:00,0.11729337513295138,0.2129971522133152,0.07795606411857052,-1.2276630197081162,0
2022-12-07 23:00:00+00:00,0.09265922925444574,0.21247775892227974,0.07832067292413913,-1.529845508144311,0
2022-12-08 23:00:00+00:00,0.09378091268878554,0.21194780090360338,0.07867082173685347,-1.5020421244622946,0
2022-12-11 23:00:00+00:00,0.09517981817251096,0.2113936288313594,0.07900016057855562,-1.471057904284746,0
2022-12-12 23:00:00+00:00,0.1023422174165095,0.21085768134613567,0.0792806506050249,-1.3687509260014614,0
2022-12-13 23:00:00+00:00,0.09559836572406608,0.2102865195407742,0.07959111507485467,-1.4409667926984695,0
2022-12-14 23:00:00+00:00,0.14213287352000153,0.21018669585723657,0.07966100284560239,-0.8542928146302124,0
2022-12-15 23:00:00+00:00,0.13642808474407897,0.2100617599459113,0.07975220494921344,-0.9232807450116595,0
2022-12-18 23:00:00+00:00,0.13724726952858662,0.20996094510339866,0.07982839473319438,-0.910874831165509,0
2022-12-19 23:00:00+00:00,0.1369706074345805,0.20993632543586446,0.07985002791941069,-0.9137845020533395,0
2022-12-20 23:00:00+00:00,0.15437071936824723,0.21001691484827156,0.07978336659142382,-0.6974661242987198,0
2022-12-21 23:00:00+00:00,0.15561034074021465,0.21011223296387047,0.07970360467315855,-0.6838071182244808,0
2022-12-22 23:00:00+00:00,0.15598394880413408,0.21023605232211284,0.07959467746146547,-0.6816046656416704,0
2022-12-26 23:00:00+00:00,0.15548917396548198,0.21036690649613218,0.07947690577242357,-0.6904865255800051,0
2022-12-27 23:00:00+00:00,0.15637939298959347,0.2104952851423824,0.07936293412343255,-0.6818786723361676,0
2022-12-28 23:00:00+00:00,0.1603716540428772,0.21062007392000837,0.07925881822864995,-0.6339789186885415,0
2022-12-29 23:00:00+00:00,0.16326684352952997,0.2107565936563688,0.07914698570457632,-0.6000196937897151,0
2023-01-01 23:00:00+00:00,0.17801292956509893,0.21093408284362752,0.0790226162688039,-0.41660419298879914,0
2023-01-02 23:00:00+00:00,0.17923528971723066,0.2111172949694962,0.07889477926155064,-0.40410792134382995,0
2023-01-03 23:00:00+00:00,0.19928178176867412,0.21138029748259765,0.0787436730120686,-0.1536442897713098,0
2023-01-04 23:00:00+00:00,0.19759224879027973,0.21165075312159118,0.07857797709146949,-0.17891150741824907,0
2023-01-05 23:00:00+00:00,0.20097351193688087,0.2119403890493449,0.07840268075746892,-0.1398788537140585,0
2023-01-08 23:00:00+00:00,0.20110671654356269,0.21229185498185044,0.07815342285171843,-0.143117704000111,0
2023-01-09 23:00:00+00:00,0.19929206412557576,0.2126406918207361,0.07789699772398395,-0.17136254393858874,0
2023-01-10 23:00:00+00:00,0.19759489370804542,0.2129912406668477,0.07762820372372689,-0.1983344483094925,0
2023-01-11 23:00:00+00:00,0.19892106430625858,0.2133599950842399,0.07733808786088613,-0.18669883336078472,0
2023-01-12 23:00:00+00:00,0.16055974217885316,0.2134918293186051,0.07721909013367209,-0.6854792907831794,0
2023-01-15 23:00:00+00:00,0.15344779327936897,0.21337903473003655,0.07728619206803371,-0.7754456500834087,0
2023-01-16 23:00:00+00:00,0.15351620587767512,0.21326591734518652,0.07735310158130237,-0.7724281282336322,0
2023-01-17 23:00:00+00:00,0.1510798884269759,0.21308145396179934,0.07744606351871382,-0.8005773659476132,0
2023-01-18 23:00:00+00:00,0.16256411822782343,0.21293702669134762,0.07750641676791183,-0.6499192010690257,0
2023-01-19 23:00:00+00:00,0.15339450958593304,0.2127314237332871,0.07759567546597135,-0.7646935707567306,0
2023-01-22 23:00:00+00:00,0.15343421061231197,0.2125376249082414,0.07768284142397298,-0.7608297175094072,0
2023-01-23 23:00:00+00:00,0.153661086160311,0.21234828298374409,0.07776825827333919,-0.7546420368212421,0
2023-01-24 23:00:00+00:00,0.15039975236425726,0.21215532950391414,0.0778617147658985,-0.7931443242077721,0
2023-01-25 23:00:00+00:00,0.1491272520265458,0.2119553229131855,0.0779589516743597,-0.8059122081204629,0
2023-01-26 23:00:00+00:00,0.13620157298066002,0.21168644741361017,0.0781033535615263,-0.9664741780067942,0
2023-01-29 23:00:00+00:00,0.1279805398504041,0.21138708730510794,0.07827954154880921,-1.0654961156446963,0
2023-01-30 23:00:00+00:00,0.1279816440356596,0.21109403594388929,0.07845349937563166,-1.0593841265166704,0
2023-01-31 23:00:00+00:00,0.10183410749955264,0.21066786293375844,0.07875478432989835,-1.3819319849611766,0
2023-02-01 23:00:00+00:00,0.11471590772866527,0.21029639852473184,0.07898630285610196,-1.2100894375344553,0
2023-02-02 23:00:00+00:00,0.11001693316689909,0.2099033345120488,0.07923849161109003,-1.260579288099041,0
2023-02-05 23:00:00+00:00,0.11942311312314607,0.20949986429435244,0.0794398645704661,-1.1338985993777084,0
2023-02-06 23:00:00+00:00,0.11824311430268114,0.20905518412210758,0.07963634794108153,-1.140334434806242,0
2023-02-07 23:00:00+00:00,0.11540626798370648,0.20859919956693226,0.07984284105493278,-1.1672046028410736,0
2023-02-08 23:00:00+00:00,0.11499960824242614,0.20814246086946764,0.08004831264820182,-1.1635829606601187,0
2023-02-09 23:00:00+00:00,0.12578122661741126,0.207760432766113,0.08021122345976246,-1.0220415873574873,0
2023-02-12 23:00:00+00:00,0.12632449083422737,0.20749276859722607,0.08037046004189292,-1.0099267531962604,0
2023-02-13 23:00:00+00:00,0.12624888772625265,0.2072299729314402,0.08052788252319348,-1.005627897664682,0
2023-02-14 23:00:00+00:00,0.13168040819423757,0.20705444888865404,0.08064453735100424,-0.9346453358192384,0
2023-02-15 23:00:00+00:00,0.11039201298246894,0.20659900333967313,0.08086564234656696,-1.1897140437577756,0
2023-02-16 23:00:00+00:00,0.11048156282591953,0.20599263858236116,0.08101165207561796,-1.1789794839301586,0
2023-02-19 23:00:00+00:00,0.11029517580437906,0.20538330988218587,0.08115211872710737,-1.1717270672570175,0
2023-02-20 23:00:00+00:00,0.11251305365128339,0.20468095128217206,0.08118705872915823,-1.1352535622501458,0
2023-02-21 23:00:00+00:00,0.1132534982019914,0.2039776432825358,0.0812084425515955,-1.117176271702331,0
2023-02-22 23:00:00+00:00,0.1118606670275686,0.20325189991870693,0.08121122790278153,-1.1253521865294704,0
2023-02-23 23:00:00+00:00,0.12424162326230319,0.20243431828112818,0.0809640904443534,-0.9657700665774391,0
2023-02-26 23:00:00+00:00,0.12946646905380876,0.20163784613927418,0.08068919536061334,-0.8944366933257869,0
2023-02-27 23:00:00+00:00,0.12989549188479427,0.20085200185008442,0.08041821422364503,-0.8823437656543622,0
2023-02-28 23:00:00+00:00,0.13067159513534818,0.1996333570468002,0.07913023837700324,-0.8714969564845092,0
2023-03-01 23:00:00+00:00,0.1145077795195935,0.19832605848276094,0.07778780962195926,-1.0775246066255837,0
2023-03-02 23:00:00+00:00,0.12238638515237941,0.19703604194187388,0.0763213291327279,-0.9780969178311048,0
2023-03-05 23:00:00+00:00,0.11384145604977762,0.1956854142793376,0.07474764444591615,-1.0949369553548727,0
2023-03-06 23:00:00+00:00,0.1175563857174643,0.19437628997136908,0.07319334710874921,-1.0495476336089304,0
2023-03-07 23:00:00+00:00,0.11756583053628174,0.19297244557327398,0.07122634018894856,-1.0586900132304184,0
2023-03-08 23:00:00+00:00,0.11435054732035452,0.19155565297613916,0.06918808022568718,-1.1158729278792883,0
2023-03-09 23:00:00+00:00,0.11708484370210812,0.190150008396257,0.0670470376822713,-1.089759774926923,0
2023-03-12 23:00:00+00:00,0.15573685027019202,0.18891749631401264,0.06476582846615471,-0.5123171714102314,0
2023-03-13 23:00:00+00:00,0.16663284971528466,0.1877192272573503,0.06231784893397852,-0.33836818668765667,0
2023-03-14 23:00:00+00:00,0.20297667178566475,0.18665752430631402,0.05970482685546492,0.2733304548199524,0
2023-03-15 23:00:00+00:00,0.20901145993322526,0.18571949168738738,0.057437434625213474,0.405518951147817,0
2023-03-16 23:00:00+00:00,0.2128727573534894,0.18487884334284416,0.055441135613080866,0.5049303860947667,0
2023-03-19 23:00:00+00:00,0.21832332290502254,0.18406489173120877,0.05339263598733697,0.6416321378464772,0
2023-03-20 23:00:00+00:00,0.23054248324664875,0.18334955896590685,0.051517362619053826,0.9160586233754031,0
2023-03-21 23:00:00+00:00,0.23072458361923284,0.18261951102501345,0.04948951768910208,0.9720254882340963,0
2023-03-22 23:00:00+00:00,0.23018127217268275,0.18190451318568684,0.047445482829554575,1.0175206596680162,0
2023-03-23 23:00:00+00:00,0.23587941828194892,0.1813914392868557,0.046136760456047234,1.1810100764877474,0
2023-03-26 22:00:00+00:00,0.23587139973763177,0.18092871388884152,0.044984379602719914,1.2213725371788438,0
2023-03-27 22:00:00+00:00,0.23597137511115324,0.18043369300053022,0.04366507997469585,1.2719015319062144,0
2023-03-28 22:00:00+00:00,0.24336006555023026,0.18037766778716297,0.04357479666636925,1.4453859244666702,0
2023-03-29 22:00:00+00:00,0.24848418384177556,0.18042660927982143,0.04364455883238754,1.5593598923366891,1
2023-03-30 22:00:00+00:00,0.24510480655851632,0.1804489761779597,0.043676369691622245,1.4803389301139314,0
2023-04-02 22:00:00+00:00,0.2448146847083204,0.1805194102315048,0.04376606386734465,1.4690668704340235,0
2023-04-03 22:00:00+00:00,0.243716186291061,0.1805822200351797,0.043845600116290205,1.4399156606006809,0
2023-04-04 22:00:00+00:00,0.24490723579883245,0.18082575622822186,0.04403211590986793,1.4553350037000934,0
2023-04-05 22:00:00+00:00,0.24613206263338702,0.1810648644396149,0.04422284334519751,1.4713481375647066,0
2023-04-10 22:00:00+00:00,0.24260097849601114,0.18128995985221805,0.04439147639235848,1.3811439408297566,0
2023-04-11 22:00:00+00:00,0.21527236803081287,0.18137300015196461,0.04443554792947446,0.7628884858728732,0
2023-04-12 22:00:00+00:00,0.20947091445204918,0.1814418385799059,0.044465695647388434,0.6303528026281873,0
2023-04-13 22:00:00+00:00,0.1547572655777631,0.1812969940109806,0.044493033655075155,-0.5964917708008479,0
2023-04-16 22:00:00+00:00,0.15027627938393273,0.18110156608997166,0.044520802845076576,-0.6923793987566828,0
2023-04-17 22:00:00+00:00,0.13673921929112945,0.1808456708851966,0.04458994869395376,-0.9891568141689256,0
2023-04-18 22:00:00+00:00,0.13488134124757267,0.18058547847863282,0.044666336284592004,-1.0232345214045715,0
2023-04-19 22:00:00+00:00,0.12927962266490314,0.18044370645336166,0.04477255455232497,-1.1427555184206404,0
2023-04-20 22:00:00+00:00,0.12926668526651572,0.1803152160772842,0.04487306466183503,-1.1376207797589042,0
2023-04-23 22:00:00+00:00,0.12892267142265482,0.18018745119860424,0.04497366101447792,-1.139884515059743,0
2023-04-24 22:00:00+00:00,0.10156485507378561,0.1799230554452121,0.04523952174082917,-1.7320740219211321,0
2023-04-25 22:00:00+00:00,0.09935470295877466,0.17964819430080406,0.04551802986485514,-1.7639931161437348,0
2023-04-26 22:00:00+00:00,0.09922141746458864,0.17939640948030425,0.045787005754214655,-1.751042477992472,0
2023-04-27 22:00:00+00:00,0.08949714094204415,0.17915253742996834,0.04610168829844958,-1.9447313058801652,0
2023-05-01 22:00:00+00:00,0.08955159957921217,0.1788376123733582,0.04644172387895392,-1.9225387288995088,0
2023-05-02 22:00:00+00:00,0.08692308035475049,0.17855219840039604,0.04678480903172683,-1.958522861202828,0
2023-05-03 22:00:00+00:00,0.09519618442883125,0.17823485098015823,0.04707816671501972,-1.763846647937429,0
2023-05-04 22:00:00+00:00,0.10922904647515234,0.17797146545018888,0.0472781962316772,-1.4539983428762442,0
2023-05-07 22:00:00+00:00,0.10437202360122264,0.17763602474479592,0.047499683791172156,-1.542410291943658,0
2023-05-08 22:00:00+00:00,0.10278203308979444,0.1773004630987779,0.047728970801260144,-1.5612829851134358,0
2023-05-09 22:00:00+00:00,0.09965220299281766,0.17692326311036904,0.0479658802316778,-1.6109588679354572,0
2023-05-10 22:00:00+00:00,0.09957523410533367,0.1765646191989325,0.0482053483987188,-1.5971129273208413,0
2023-05-11 22:00:00+00:00,0.1008454981240453,0.17621625566206991,0.04843444717714395,-1.5561395232274235,0
2023-05-14 22:00:00+00:00,0.0992524871469813,0.17587520135529408,0.04867295725279758,-1.5742358494954347,0
2023-05-15 22:00:00+00:00,0.09987215305918877,0.17554757203054122,0.048905944144561106,-1.547366486733462,0
2023-05-16 22:00:00+00:00,0.0961257746450441,0.17517620798373007,0.04915266656290079,-1.6082633734128122,0
2023-05-17 22:00:00+00:00,0.10191670370105134,0.1748229591307613,0.04935840542886992,-1.4770788236823147,0
2023-05-18 22:00:00+00:00,0.09803795351291308,0.17442460258259254,0.04957180178847634,-1.540929446051255,0
2023-05-21 22:00:00+00:00,0.09780806369429854,0.17401882626342574,0.04977917309866062,-1.5309768689423604,0
2023-05-22 22:00:00+00:00,0.10075350918257264,0.17364551318383015,0.04997485955175306,-1.45857346383879,0
2023-05-23 22:00:00+00:00,0.12113856278483631,0.17336184174187005,0.05006949993802758,-1.0430157884874416,0
2023-05-24 22:00:00+00:00,0.12197026276705591,0.1730880576286025,0.050161414149999424,-1.0190660635820046,0
2023-05-25 22:00:00+00:00,0.1273156389535919,0.1728435806021314,0.050234006793169514,-0.9063171455940894,0
2023-05-28 22:00:00+00:00,0.12434371746752006,0.17259932885591794,0.050319860323220014,-0.9589774510190844,0
2023-05-29 22:00:00+00:00,0.1194869230103842,0.17242164741571775,0.050428350245839366,-1.0497016885794508,0
2023-05-30 22:00:00+00:00,0.12981123646504802,0.17226979704026565,0.05049904778642373,-0.8407794292436594,0
2023-05-31 22:00:00+00:00,0.12835958005070366,0.1721352523981818,0.05057092596054435,-0.8656292428110197,0
2023-06-01 22:00:00+00:00,0.1327946208555599,0.17199101899795352,0.05063129500945863,-0.7741535770529114,0
2023-06-04 22:00:00+00:00,0.13440403271117862,0.1717765254242791,0.05067573718142603,-0.7374829611121761,0
2023-06-05 22:00:00+00:00,0.13470642388856668,0.17148749354657117,0.05067864357971393,-0.7257706019726131,0
2023-06-06 22:00:00+00:00,0.13452308975156813,0.1712293702371535,0.05070068774935191,-0.7239799323245786,0
2023-06-07 22:00:00+00:00,0.13495595100215976,0.17093670253198415,0.050696346501855095,-0.7097306613309455,0
2023-06-08 22:00:00+00:00,0.133409685152466,0.17055965858971198,0.05062035802503043,-0.733893928977671,0
2023-06-11 22:00:00+00:00,0.13564769185701736,0.17018950199110242,0.050532823741656886,-0.6835519485448902,0
2023-06-12 22:00:00+00:00,0.13713834034516956,0.16983648979162624,0.05045136571997052,-0.6481122756507174,0
2023-06-13 22:00:00+00:00,0.13877929000910494,0.16950814870262634,0.050382856292968334,-0.6099070389109731,0
2023-06-14 22:00:00+00:00,0.13652416888165161,0.1691696243549013,0.050316438152256435,-0.648802989084109,0
2023-06-15 22:00:00+00:00,0.13724625987551808,0.16886797723911584,0.050278896419938664,-0.6289262417274897,0
2023-06-18 22:00:00+00:00,0.14164006831469225,0.16852661314702486,0.05017002431421403,-0.5359085469830076,0
2023-06-19 22:00:00+00:00,0.1412014780652303,0.16818925584799505,0.05006628433025549,-0.5390409562799487,0
2023-06-20 22:00:00+00:00,0.12374662554125286,0.16777246532544063,0.0499970212127759,-0.8805692562527646,0
2023-06-21 22:00:00+00:00,0.12411442227967308,0.16733940455778626,0.04990018921323847,-0.866228825173385,0
2023-06-22 22:00:00+00:00,0.12001879471156968,0.16688516971673686,0.049807431285321266,-0.9409514563538466,0
2023-06-25 22:00:00+00:00,0.11994751903640291,0.16642567992930177,0.049703700899495155,-0.9351046310793114,0
2023-06-26 22:00:00+00:00,0.11844494387330312,0.1659928162224305,0.04964441447433403,-0.95776882158031,0
2023-06-27 22:00:00+00:00,0.10795333262588311,0.16546155846613753,0.049545852902261954,-1.1607071524977008,0
2023-06-28 22:00:00+00:00,0.10540748423836609,0.16487043862836753,0.049369186445455876,-1.2044548162789228,0
2023-06-29 22:00:00+00:00,0.09387267642637169,0.1641717972365558,0.04912162984820044,-1.431123540229183,0
2023-07-02 22:00:00+00:00,0.09038769896669381,0.16349493167312798,0.04895756638876392,-1.4932775074214628,0
2023-07-03 22:00:00+00:00,0.09125051235963036,0.162865053167756,0.048861430901873754,-1.4656660577940495,0
2023-07-04 22:00:00+00:00,0.09593578133608668,0.16225593394540946,0.04873455106617285,-1.3608446401665177,0
2023-07-05 22:00:00+00:00,0.14245661300374238,0.16186065031755867,0.04848796753387733,-0.4001825257010242,0
2023-07-06 22:00:00+00:00,0.14362772175471814,0.16152557172098841,0.048320090883684816,-0.3704018274583472,0
2023-07-09 22:00:00+00:00,0.14123464918153167,0.16111818723745566,0.048054903630787286,-0.41376709874796685,0
2023-07-10 22:00:00+00:00,0.14309165038013483,0.16071659873007577,0.047779129707567404,-0.36888382977703016,0
2023-07-11 22:00:00+00:00,0.15316545054011532,0.16029657276649267,0.047375112865576045,-0.15052464880899533,0
2023-07-12 22:00:00+00:00,0.15395973004574431,0.15989464244840157,0.046994479225913655,-0.12628956635792724,0
2023-07-13 22:00:00+00:00,0.15207268054463913,0.15952302530546297,0.04668232499256424,-0.15959669450933664,0
2023-07-16 22:00:00+00:00,0.1492258940919193,0.1591834241712438,0.04644315555823268,-0.21440253056963904,0
2023-07-17 22:00:00+00:00,0.148929529867685,0.15884247983988964,0.046200215491409555,-0.214565015915301,0
2023-07-18 22:00:00+00:00,0.14819900910214637,0.15849341286507068,0.04594529119982726,-0.224057863038705,0
2023-07-19 22:00:00+00:00,0.14732754336845189,0.15817176825646784,0.04573732420056848,-0.23709792991958997,0
2023-07-20 22:00:00+00:00,0.14581983188032946,0.15788750209512012,0.045589775088145705,-0.26470124477382007,0
2023-07-23 22:00:00+00:00,0.14581496781702075,0.15758561878796795,0.045415823040827766,-0.259175110849927,0
2023-07-24 22:00:00+00:00,0.14570572632873868,0.15728496421944696,0.045241666029601064,-0.25594189840692705,0
2023-07-25 22:00:00+00:00,0.14462650141348068,0.15711730494944673,0.04520984188224757,-0.27628505245604,0
2023-07-26 22:00:00+00:00,0.1525696405810503,0.15699263860004048,0.04517876145494125,-0.09789993962985087,0
2023-07-27 22:00:00+00:00,0.14856770801787092,0.15689304399554482,0.04516952292253929,-0.18431312617472026,0
2023-07-30 22:00:00+00:00,0.14904471442316286,0.15679995458090987,0.0451613958371745,-0.1717227737093834,0
2023-07-31 22:00:00+00:00,0.15247125678903606,0.1567600219937076,0.045160754195132706,-0.09496664263268129,0
2023-08-01 22:00:00+00:00,0.1565553953976801,0.15671438248697778,0.045155103614127,-0.00352091074037398,0
2023-08-02 22:00:00+00:00,0.11430570226280824,0.1565140894766476,0.045231065409805815,-0.9331725182995324,0
2023-08-03 22:00:00+00:00,0.11422119077342104,0.15638796972665545,0.04530473948867788,-0.9307365946508163,0
2023-08-06 22:00:00+00:00,0.11440194886146755,0.15632800771448976,0.04535042824348717,-0.9244909139097989,0
2023-08-07 22:00:00+00:00,0.11559222776716158,0.1562825272247937,0.045385637173082596,-0.896545735437307,0
2023-08-08 22:00:00+00:00,0.10145960332399885,0.15627804241965834,0.045391019508368366,-1.2076934972908697,0
2023-08-09 22:00:00+00:00,0.10622571721980703,0.15621029396994746,0.04545313792744698,-1.099694741206352,0
2023-08-10 22:00:00+00:00,0.11364459504548825,0.156172272736971,0.04548483534397346,-0.9349858556125891,0
2023-08-13 22:00:00+00:00,0.11240180970059065,0.1560934768896114,0.04554358910134029,-0.9593373743953559,0
2023-08-14 22:00:00+00:00,0.11550668980576478,0.15593853455933823,0.04561521498584316,-0.88636751500835,0
2023-08-15 22:00:00+00:00,0.11498170134896517,0.15579398998383637,0.04568728667549252,-0.8932963982902413,0
2023-08-16 22:00:00+00:00,0.11301205205728665,0.15564465038806005,0.04576562226586301,-0.931541978892166,0
2023-08-17 22:00:00+00:00,0.11272504036432741,0.15551992162023756,0.04583982753001136,-0.9335742205376387,0
2023-08-20 22:00:00+00:00,0.11340090060483961,0.1553761232289466,0.04591512792143021,-0.9141915643997512,0
2023-08-21 22:00:00+00:00,0.11651728466139785,0.15524397953310162,0.0459790638553964,-0.8422680155798464,0
2023-08-22 22:00:00+00:00,0.11596311738533048,0.15510577853619092,0.04604479828068068,-0.8500995250810729,0
2023-08-23 22:00:00+00:00,0.09985651298279997,0.15491881344202071,0.04617343431340202,-1.192510396464893,0
2023-08-24 22:00:00+00:00,0.09935319692127327,0.15471939727537287,0.04630480112357278,-1.195690274240566,0
2023-08-27 22:00:00+00:00,0.10990538645368579,0.15442252661744899,0.04635150770636143,-0.960424857067886,0
2023-08-28 22:00:00+00:00,0.11044162716896619,0.15410741744279846,0.04637961675918207,-0.9414866556694321,0
2023-08-29 22:00:00+00:00,0.10236387030348752,0.15375007997138618,0.04643018094327267,-1.1067415337166389,0
2023-08-30 22:00:00+00:00,0.09984565108490652,0.1534038502831839,0.046505782832719056,-1.1516460090764586,0
2023-08-31 22:00:00+00:00,0.10008246519903284,0.15305903078462602,0.04657794731867621,-1.1373744150453649,0
2023-09-03 22:00:00+00:00,0.10038752397868242,0.1526738246095554,0.046610674285515616,-1.1217666646612119,0
2023-09-04 22:00:00+00:00,0.09734783503040516,0.1521991670379514,0.046562410378329644,-1.1780174514563853,0
2023-09-05 22:00:00+00:00,0.09620085339957257,0.15170707248766885,0.04649602933875748,-1.1937840688221566,0
2023-09-06 22:00:00+00:00,0.08646325318508476,0.15119360790203884,0.0464992506012691,-1.3920730738655689,0
2023-09-07 22:00:00+00:00,0.07879725246163372,0.15065194005667715,0.046544552450116176,-1.5437829737873885,0
2023-09-10 22:00:00+00:00,0.08029384736764025,0.15010802692770284,0.04656277028950923,-1.4993562265729705,0
2023-09-11 22:00:00+00:00,0.07410222014351545,0.1495819772147327,0.04666995433564776,-1.6173094262825067,0
2023-09-12 22:00:00+00:00,0.07503614159515735,0.14903599773271423,0.04673426782941433,-1.5834174701883679,0
2023-09-13 22:00:00+00:00,0.07853810654739307,0.14849619304239223,0.04675991924559177,-1.4961122179781001,0
2023-09-14 22:00:00+00:00,0.07960946923209211,0.147936258789054,0.04673653037586704,-1.4619568249388757,0
2023-09-17 22:00:00+00:00,0.09639307604373151,0.1474179222111631,0.046580087523004826,-1.0954218611596982,0
2023-09-18 22:00:00+00:00,0.09397998916086868,0.14688984419761464,0.04642772791963735,-1.1396175821554018,0
2023-09-19 22:00:00+00:00,0.09737553767530528,0.14637988033086013,0.04626205812889687,-1.0592771838861414,0
2023-09-20 22:00:00+00:00,0.10712429986213406,0.14591060764478792,0.04605682485287157,-0.8421402887966469,0
2023-09-21 22:00:00+00:00,0.10823684754781125,0.14542076651755004,0.04579671061463815,-0.811934273678022,0
2023-09-24 22:00:00+00:00,0.10318707603939901,0.14498262833462766,0.0456698355042844,-0.9151675681272753,0
2023-09-25 22:00:00+00:00,0.10088169657647109,0.1445494822838962,0.04556791129615656,-0.9583012357888846,0
2023-09-26 22:00:00+00:00,0.1008699268830855,0.14394335679694525,0.045125121336867906,-0.9545332763164917,0
2023-09-27 22:00:00+00:00,0.10484154022271373,0.14334149236988844,0.04462644995631653,-0.8627159943231231,0
2023-09-28 22:00:00+00:00,0.10670552295393494,0.14274529435432942,0.044103185864279824,-0.817169342625289,0
2023-10-01 22:00:00+00:00,0.11162193163773629,0.1421937183523856,0.04361517168783884,-0.7009438581018722,0
2023-10-02 22:00:00+00:00,0.11732437256430944,0.14174487977215888,0.043284238939660484,-0.5641893632897729,0
2023-10-03 22:00:00+00:00,0.11768556026121635,0.14130926515073988,0.04296940140343745,-0.5497797064409116,0
2023-10-04 22:00:00+00:00,0.119172977184834,0.14088312355864488,0.0426518933941768,-0.5090077988606935,0
2023-10-05 22:00:00+00:00,0.12515338555300315,0.1404380807895221,0.04222476767860206,-0.36198411683066933,0
2023-10-08 22:00:00+00:00,0.12295030348192695,0.13998843544759135,0.04180149146102764,-0.4075962691797584,0
2023-10-09 22:00:00+00:00,0.14538987236295423,0.13957902956653265,0.041235291021203685,0.14091916541667118,0
2023-10-10 22:00:00+00:00,0.14513184291514925,0.13918246690627503,0.040693756472935626,0.14619874212966774,0
2023-10-11 22:00:00+00:00,0.13948697245451236,0.13876731552486712,0.040149091315013964,0.017924613137536075,0
2023-10-12 22:00:00+00:00,0.1417937869172093,0.13839269485752012,0.039673987698891494,0.08572599471225374,0
2023-10-15 22:00:00+00:00,0.1361429720948798,0.1380749125667256,0.039367622452202426,-0.049074349719530064,0
2023-10-16 22:00:00+00:00,0.13555591186435478,0.1377367264182484,0.03901883403248027,-0.05589133063479711,0
2023-10-17 22:00:00+00:00,0.13446494306634385,0.137390013758705,0.03865505105251411,-0.07567111186549312,0
2023-10-18 22:00:00+00:00,0.13025268566003764,0.13702636923252387,0.038286227483724955,-0.17692219938267995,0
2023-10-19 22:00:00+00:00,0.1372478178510454,0.1367728192725201,0.038070893249660925,0.012476685939842455,0
2023-10-22 22:00:00+00:00,0.136419657300504,0.1365266593255104,0.037870515346547715,-0.0028254705283839005,0
2023-10-23 22:00:00+00:00,0.13726335093326197,0.1362855345657909,0.03767029244260944,0.02595722793925143,0
2023-10-24 22:00:00+00:00,0.13742991422683376,0.1362236065013606,0.03765547088262036,0.032035390799745246,0
2023-10-25 22:00:00+00:00,0.13443500986698048,0.13617814278095136,0.03765066727306729,-0.04629753043494657,0
2023-10-26 22:00:00+00:00,0.13202042264795277,0.13611183243558092,0.03764318602184244,-0.10868925348811094,0
2023-10-29 23:00:00+00:00,0.1292917515292368,0.13597745095368863,0.037606685159307734,-0.17777954627296097,0
2023-10-30 23:00:00+00:00,0.1296130157509386,0.13584805508579229,0.037572110197290204,-0.1659486066157494,0
2023-10-31 23:00:00+00:00,0.13226076119460448,0.13574001504109362,0.037542998671542725,-0.09267383985303201,0
2023-11-01 23:00:00+00:00,0.14423950655029857,0.13569647195037837,0.03752668400933901,0.2276522646603722,0
2023-11-02 23:00:00+00:00,0.141978915484726,0.1356204476819309,0.03749433135165423,0.169584776513545,0
2023-11-05 23:00:00+00:00,0.14279985623267866,0.13554799590295522,0.0374626088656282,0.19357595611492492,0
2023-11-06 23:00:00+00:00,0.1229860291604652,0.13542919529609296,0.037454755774255714,-0.3322185895597401,0
2023-11-07 23:00:00+00:00,0.12468734155617443,0.1353203460918417,0.037445921098601606,-0.2839562821186513,0
2023-11-08 23:00:00+00:00,0.12928547798339587,0.13520125450338136,0.03741707620651005,-0.15810365532933382,0
2023-11-09 23:00:00+00:00,0.124049750578663,0.13504947228296282,0.037384281231594915,-0.294233868939642,0
2023-11-12 23:00:00+00:00,0.12570843467244486,0.1349156868915963,0.03735702691856952,-0.24646640749065293,0
2023-11-13 23:00:00+00:00,0.14152022735841804,0.13486033463858527,0.037336780083019896,0.17837351547252406,0
2023-11-14 23:00:00+00:00,0.1340197418349884,0.13478934019560584,0.03732123689781093,-0.020620923221935757,0
2023-11-15 23:00:00+00:00,0.1301084853076339,0.13470328119989597,0.037306867617375374,-0.12316220003745619,0
2023-11-16 23:00:00+00:00,0.11437233322739492,0.13455695113070693,0.03731403478607815,-0.5409390332359041,0
2023-11-19 23:00:00+00:00,0.11567894630477041,0.1344154113249422,0.03731774093094678,-0.5020792939969754,0
2023-11-20 23:00:00+00:00,0.117316487939016,0.13426013486076888,0.037307113724559214,-0.454166651616335,0
2023-11-21 23:00:00+00:00,0.11677743227594961,0.13410297164319873,0.037296968193185266,-0.46452942977855144,0
2023-11-22 23:00:00+00:00,0.11362874292004177,0.13395383207462816,0.03730342346346402,-0.544858548290972,0
2023-11-23 23:00:00+00:00,0.1103107102237619,0.13382858398837644,0.03732970486330035,-0.6300042781140621,0
2023-11-26 23:00:00+00:00,0.11313789729029892,0.13384380790941036,0.0373204434278598,-0.5548141639617933,0
2023-11-27 23:00:00+00:00,0.11182036486128032,0.13383363593437575,0.037326117458733696,-0.5897551787279363,0
2023-11-28 23:00:00+00:00,0.11236580654485732,0.1338260706699049,0.037330290925246604,-0.5748753517089235,0
2023-11-29 23:00:00+00:00,0.09961529865629759,0.13375591957277536,0.03737806270813014,-0.9133865814038512,0
2023-11-30 23:00:00+00:00,0.10050763625879737,0.13378706404501484,0.037346940144573536,-0.8910884708998824,0
2023-12-03 23:00:00+00:00,0.09670313802579575,0.13379866017730457,0.037334920582212126,-0.993587814652608,0
2023-12-04 23:00:00+00:00,0.09592216948983814,0.13380160601586538,0.03733189046226161,-1.0146669792765821,0
2023-12-05 23:00:00+00:00,0.09671598160804118,0.13377927968329206,0.03735245642308862,-0.9922586524280369,0
2023-12-06 23:00:00+00:00,0.09503811517218819,0.1337770564668164,0.037354754605551224,-1.0370551675066093,0
2023-12-07 23:00:00+00:00,0.08528457361840862,0.1335514679751434,0.03747555258842855,-1.2879568418062046,0
2023-12-10 23:00:00+00:00,0.08492065638520425,0.13334707341816374,0.03760005671817408,-1.287934680416385,0
2023-12-11 23:00:00+00:00,0.06341956370962848,0.13305410633158057,0.03785629393238838,-1.8394442611397697,0
2023-12-12 23:00:00+00:00,0.06713979662956175,0.13277699993949715,0.03808241499228026,-1.7235567472084112,0
2023-12-13 23:00:00+00:00,0.0749852653811133,0.13246197829669104,0.03823112981246248,-1.5034008463135096,0
2023-12-14 23:00:00+00:00,0.07185634951094393,0.1321296211886384,0.0383928010502479,-1.5699107652710664,0
2023-12-17 23:00:00+00:00,0.0762695335417098,0.13181329414394624,0.03852364643071475,-1.4418095312481016,0
2023-12-18 23:00:00+00:00,0.07431603901083722,0.13149117852904685,0.03866400082157599,-1.4787693540060063,0
2023-12-19 23:00:00+00:00,0.07415553565621187,0.1311648933808985,0.03879983720462079,-1.4693195083276593,0
2023-12-20 23:00:00+00:00,0.07538618652157476,0.13082764946216321,0.03891413766085104,-1.4247126179122418,0
2023-12-21 23:00:00+00:00,0.07585968510034309,0.13048079565887277,0.03901326242322765,-1.4000651872171925,0
2023-12-26 23:00:00+00:00,0.0730614803540932,0.1300643216540672,0.039063981654416186,-1.4592173886486,0
2023-12-27 23:00:00+00:00,0.07559477509252109,0.1296530497706358,0.039089802794438966,-1.382925234040966,0
2023-12-28 23:00:00+00:00,0.07279906218532259,0.1291511342167336,0.03900413274915694,-1.4447718244069674,0
2024-01-01 23:00:00+00:00,0.0726209303528133,0.12865521628642618,0.03892486467169838,-1.4395499228120494,0
2024-01-02 23:00:00+00:00,0.0905436618327649,0.12821700259553687,0.038728577440003215,-0.9727530225228134,0
2024-01-03 23:00:00+00:00,0.09211645356950704,0.12778450155198903,0.03851934791847476,-0.92597746093658,0
2024-01-04 23:00:00+00:00,0.09088448611786268,0.12735431275037112,0.03832241212745765,-0.9516579100295766,0
2024-01-07 23:00:00+00:00,0.08967603727270716,0.12692606332007217,0.03813689548621028,-0.9767451066076956,0
2024-01-08 23:00:00+00:00,0.08970857361803879,0.12649268042051573,0.03793550054889485,-0.9696486475792278,0
2024-01-09 23:00:00+00:00,0.08469837570048196,0.12619164325195076,0.037965071743507744,-1.092932678536671,0
2024-01-10 23:00:00+00:00,0.08899553260489443,0.12593588031276634,0.03799780782250052,-0.972170496793701,0
2024-01-11 23:00:00+00:00,0.09373921147566845,0.12569867001752028,0.03801152868919612,-0.8407833003289749,0
2024-01-14 23:00:00+00:00,0.09420312652977142,0.12547296858142026,0.038029076759830964,-0.8222614040601242,0
2024-01-15 23:00:00+00:00,0.08237346055696901,0.12515475168590098,0.038052970873554914,-1.1242562708464645,0
2024-01-16 23:00:00+00:00,0.08885263718880419,0.12489863314464254,0.038079336654341725,-0.9466025178705013,0
2024-01-17 23:00:00+00:00,0.09262285220878703,0.12465731823034283,0.03809046570871329,-0.8410100907279753,0
2024-01-18 23:00:00+00:00,0.09192026379251124,0.12441231496697856,0.03810172730505069,-0.852771080805049,0
2024-01-21 23:00:00+00:00,0.09709285264296943,0.12420077965062425,0.038104849967791295,-0.7114035885344832,0
2024-01-22 23:00:00+00:00,0.09709597627225382,0.12399430633413897,0.038110213186489834,-0.7058037154045801,0
2024-01-23 23:00:00+00:00,0.10202573222220553,0.12385868791843081,0.03812740445792243,-0.5726315758084249,0
2024-01-24 23:00:00+00:00,0.1019394302594714,0.12375535018195885,0.03815147074955278,-0.5718238247143639,0
2024-01-25 23:00:00+00:00,0.10725269692706589,0.12367309245533745,0.03816466658687384,-0.430251250614072,0
2024-01-28 23:00:00+00:00,0.10735932518638407,0.12369501792234867,0.038153655701635085,-0.4281553742506655,0
2024-01-29 23:00:00+00:00,0.10743667202431152,0.12366613206637903,0.03816323513026822,-0.42526426249423266,0
2024-01-30 23:00:00+00:00,0.09164195595689838,0.12359321549014886,0.038206946908124935,-0.8362683260215136,0
2024-01-31 23:00:00+00:00,0.09400251683138028,0.12349234010803867,0.03825153301008921,-0.7709448734742256,0
2024-02-01 23:00:00+00:00,0.0939451184240835,0.12339591948947282,0.03829541624724562,-0.769042458639095,0
2024-02-04 23:00:00+00:00,0.09207602836394418,0.12330333917352138,0.03834297966155736,-0.81442055586738,0
2024-02-05 23:00:00+00:00,0.09331530332831921,0.12321729034449715,0.03838599672349031,-0.778981648739615,0
2024-02-06 23:00:00+00:00,0.09597280402491898,0.1230990029532571,0.038423973320713095,-0.7059706892341423,0
2024-02-07 23:00:00+00:00,0.09174061708410663,0.12296176535901059,0.03847413533574216,-0.811484078913133,0
2024-02-08 23:00:00+00:00,0.08842290939995641,0.12281166227041417,0.03853499889759301,-0.8924031102698634,0
2024-02-11 23:00:00+00:00,0.08879475112873679,0.12264148109158284,0.03859033374040191,-0.8770779281291994,0
2024-02-12 23:00:00+00:00,0.09296486426772912,0.1225723257395402,0.038627969417113085,-0.7664772940069245,0
2024-02-13 23:00:00+00:00,0.08388517340304796,0.12246678451167166,0.038697407571225695,-0.9970076428921274,0
2024-02-14 23:00:00+00:00,0.08590888679466793,0.1223700135235379,0.038758409933187535,-0.9407281359509414,0
2024-02-15 23:00:00+00:00,0.085202556835419,0.12226163853617335,0.038824207951161566,-0.9545354214919817,0
2024-02-18 23:00:00+00:00,0.08337782585730866,0.1221430842808373,0.03889737044389617,-0.9966035745126246,0
2024-02-19 23:00:00+00:00,0.08323345792022291,0.12202948424469705,0.038969256508382025,-0.9955546962033873,0
2024-02-20 23:00:00+00:00,0.08040461872898365,0.12185552787750134,0.039057086185206744,-1.0612903623163172,0
2024-02-21 23:00:00+00:00,0.08488845654971806,0.12167863100248509,0.03912337231199481,-0.9403630688934131,0
2024-02-22 23:00:00+00:00,0.07929528270322932,0.12147783652160588,0.03921078367683126,-1.0757896135419822,0
2024-02-25 23:00:00+00:00,0.08161427769491783,0.12128316462700098,0.03928666241332991,-1.0097291165824143,0
2024-02-26 23:00:00+00:00,0.08553410007780839,0.12116818970858122,0.03934891734057239,-0.9055926322534616,0
2024-02-27 23:00:00+00:00,0.085541605820902,0.12102198026678962,0.03941277341073558,-0.9002252664671188,0
2024-02-28 23:00:00+00:00,0.08003464800366836,0.12088782626660666,0.039494762870775024,-1.034394823349312,0
2024-02-29 23:00:00+00:00,0.08032726865122569,0.12074009167507396,0.03957681874916865,-1.0211235844896498,0
2024-03-03 23:00:00+00:00,0.0799336901859367,0.12059075778479482,0.03965975495186007,-1.025146717326131,0
2024-03-04 23:00:00+00:00,0.07913895164357372,0.12045102923052187,0.039743767399004544,-1.0394605315645764,0
2024-03-05 23:00:00+00:00,0.0743428974872026,0.12028141833284367,0.03984925318958058,-1.1528075727565368,0
2024-03-06 23:00:00+00:00,0.07463222780106586,0.11995957459288684,0.03988925735066642,-1.1363296737602386,0
2024-03-07 23:00:00+00:00,0.07401790961942212,0.11959205498933183,0.039884173438688185,-1.1426624006629702,0
2024-03-10 23:00:00+00:00,0.07295920734579234,0.11907611267012598,0.03964142651145634,-1.1633513065178391,0
2024-03-11 23:00:00+00:00,0.07049750828931721,0.1185264541318565,0.03934865581881934,-1.2205994040479629,0
2024-03-12 23:00:00+00:00,0.0692428024391063,0.11795649399330736,0.03901543700233652,-1.248574802616814,0
2024-03-13 23:00:00+00:00,0.0642844077018398,0.11734522845678678,0.03864159141026811,-1.3731530927799032,0
2024-03-14 23:00:00+00:00,0.06414598846752552,0.11668492490607599,0.03811771386654655,-1.3783338796889522,0
2024-03-17 23:00:00+00:00,0.06271703849123197,0.11601822829842519,0.03758064193223038,-1.4183150437747147,0
2024-03-18 23:00:00+00:00,0.06335066394048988,0.11535620207528156,0.03702689300297835,-1.4045342159983147,0
2024-03-19 23:00:00+00:00,0.06287157455785504,0.11466966301288438,0.03638159345956827,-1.423744358877348,0
2024-03-20 23:00:00+00:00,0.058171661176264045,0.11396450532018053,0.035739515939430165,-1.5610968049615406,0
2024-03-21 23:00:00+00:00,0.05800245761540045,0.11325827945710214,0.035071125860537546,-1.5755360139115524,0
2024-03-24 23:00:00+00:00,0.05393723466106516,0.11250660155674831,0.03429286091861271,-1.7079171969549554,0
2024-03-25 23:00:00+00:00,0.05121750772324994,0.1117237972864367,0.033416847311734894,-1.8106522437243486,0
2024-03-26 23:00:00+00:00,0.05183630451159177,0.1109568587862505,0.03255004726708966,-1.816297032982612,0
2024-03-27 23:00:00+00:00,0.05085685432240807,0.11018718485614767,0.03165304366827623,-1.8743957502324649,0
2024-04-01 22:00:00+00:00,0.06340219339579493,0.10947165313830932,0.030644506430107524,-1.5033513379498324,0
2024-04-02 22:00:00+00:00,0.06371960168580967,0.10875265459024176,0.029560573834134483,-1.5234160594146202,0
2024-04-03 22:00:00+00:00,0.0635912986468445,0.10802828647918407,0.028394273627571926,-1.5649982251769792,0
2024-04-04 22:00:00+00:00,0.07876546130925224,0.10737814553796675,0.02714905850517829,-1.0539107359195181,0
2024-04-07 22:00:00+00:00,0.08047296337709703,0.10684322726553137,0.02633038136748272,-1.0015146959094514,0
2024-04-08 22:00:00+00:00,0.08316030072225536,0.10634199467136551,0.025559918086367633,-0.9069549390095306,0
2024-04-09 22:00:00+00:00,0.08328970027581674,0.10605839322175463,0.025416668313899708,-0.8958173693239838,0
2024-04-10 22:00:00+00:00,0.07727794939684618,0.10576871730910746,0.025326529773717125,-1.124937690509336,0
2024-04-11 22:00:00+00:00,0.0770880846323094,0.10553200645728673,0.025314672794508476,-1.1236140421750853,0
2024-04-14 22:00:00+00:00,0.07718652960991645,0.10530305879205795,0.025309075175388676,-1.1109267718119893,0
2024-04-15 22:00:00+00:00,0.09272485712324988,0.10515800019863869,0.025275841086789427,-0.4918982926303913,0
2024-04-16 22:00:00+00:00,0.09314403152963581,0.10501465633460345,0.02524097666000772,-0.47029181813616927,0
2024-04-17 22:00:00+00:00,0.09620232165582306,0.10488481367679856,0.025201628998633586,-0.3445210633584939,0
2024-04-18 22:00:00+00:00,0.09625127605520005,0.10486372804577243,0.025206640176584937,-0.3416739371148995,0
2024-04-21 22:00:00+00:00,0.09841714882188772,0.10486000759284829,0.025207525712971735,-0.2555926688054547,0
2024-04-22 22:00:00+00:00,0.10405702224088575,0.10487919650069073,0.025205056707600253,-0.0326194171805637,0
2024-04-23 22:00:00+00:00,0.10446831407819245,0.10493860591789768,0.025186292954831425,-0.0186725311481386,0
2024-04-24 22:00:00+00:00,0.1046875040466584,0.10499866903086373,0.025167493225804315,-0.01236376548961549,0
2024-04-25 22:00:00+00:00,0.11005848825685502,0.10509047620507843,0.025143479301782092,0.19758649915345938,0
2024-04-28 22:00:00+00:00,0.10997505421362583,0.10514912251374824,0.02513754416334499,0.19198103317167547,0
2024-04-29 22:00:00+00:00,0.11032857448176386,0.10515348572012369,0.025138350561984563,0.20586429284132096,0
2024-05-01 22:00:00+00:00,0.10914874620647431,0.10517244096855721,0.02513955984684999,0.15816924648405634,0
2024-05-02 22:00:00+00:00,0.11199103768719189,0.10520898463759452,0.02514276427743688,0.2697417425849066,0
2024-05-05 22:00:00+00:00,0.10661036924611218,0.10523659640844092,0.02514045813165793,0.054643906267616824,0
2024-05-06 22:00:00+00:00,0.11177097534532293,0.10528499220701232,0.025141254985585577,0.25798167760635937,0
2024-05-07 22:00:00+00:00,0.11029172152663806,0.10532247722051466,0.02514165147835001,0.19764987635766568,0
2024-05-08 22:00:00+00:00,0.11103221958158718,0.10536922219049324,0.02514127161465464,0.22524705503730463,0
2024-05-09 22:00:00+00:00,0.10956027673599049,0.10540766712571865,0.025140239553665965,0.16517780593965337,0
2024-05-12 22:00:00+00:00,0.10899031931169562,0.10545871690614189,0.02513437733949117,0.14050884801529837,0
2024-05-13 22:00:00+00:00,0.10888740200067826,0.10548637840733087,0.025134299447604033,0.13531403970249095,0
2024-05-14 22:00:00+00:00,0.0887291072270246,0.10544943854111703,0.025152124289559923,-0.6647681572181428,0
2024-05-15 22:00:00+00:00,0.09196396203903809,0.10542624766153266,0.025161890202776836,-0.5350268010075369,0
2024-05-16 22:00:00+00:00,0.09329299308845085,0.10539664243893693,0.02517179703621466,-0.4808416869511764,0
2024-05-19 22:00:00+00:00,0.09201383584877784,0.10528106812569861,0.025166092588536106,-0.5271868181461107,0
2024-05-20 22:00:00+00:00,0.09440105236699907,0.10517166649712698,0.025153173440689083,-0.42820100435934655,0
2024-05-21 22:00:00+00:00,0.09246407054930213,0.10503336662250677,0.025126732417692015,-0.5002359982292987,0
2024-05-22 22:00:00+00:00,0.09124823920629513,0.10490203535956538,0.025111886425109718,-0.5437184575515457,0
2024-05-23 22:00:00+00:00,0.08439678650572609,0.10476278878613421,0.025127973404222487,-0.8104912383020046,0
2024-05-26 22:00:00+00:00,0.08035722602368732,0.10456654271295421,0.025124683384301304,-0.9635670356106312,0
2024-05-27 22:00:00+00:00,0.08376175506705724,0.10438956721698736,0.025113488728603688,-0.8213837739889764,0
2024-05-28 22:00:00+00:00,0.08838016205897341,0.10421331936461994,0.025069158713945643,-0.6315791242264049,0
2024-05-29 22:00:00+00:00,0.08892149562498416,0.1040328331063414,0.025014600844103733,-0.6041006840578539,0
2024-05-30 22:00:00+00:00,0.0872934896911264,0.10384468654206584,0.024961221715225218,-0.6630763926448345,0
2024-06-02 22:00:00+00:00,0.0852461883536786,0.10364914328255041,0.024912901177426824,-0.7386917644720733,0
2024-06-03 22:00:00+00:00,0.08150410379110413,0.10343703277774463,0.024872804936709954,-0.8818036020645796,0
2024-06-04 22:00:00+00:00,0.08160226191549988,0.10323144776489954,0.02483816216863633,-0.8708045990903177,0
2024-06-05 22:00:00+00:00,0.07890112046903282,0.10300626295780436,0.024800308663284303,-0.9719694547373954,0
2024-06-06 22:00:00+00:00,0.07871764671750565,0.10277443480848822,0.024752985040252484,-0.9718742225174949,0
2024-06-09 22:00:00+00:00,0.08506271170707826,0.10256127378348018,0.02467285414327911,-0.709223261110573,0
2024-06-10 22:00:00+00:00,0.09392505817658216,0.1023922296933807,0.024585008831794118,-0.3444038427941717,0
2024-06-11 22:00:00+00:00,0.098493090969416,0.10223844727708664,0.02448713197974908,-0.15295202030062416,0
2024-06-12 22:00:00+00:00,0.11636537705624034,0.10213815088320391,0.024376616319908104,0.5836423721128685,0
2024-06-13 22:00:00+00:00,0.13688726473441074,0.10212103098903398,0.024350573571559668,1.4277377755890766,0
2024-06-16 22:00:00+00:00,0.13912818414056757,0.10218206891998363,0.024424163704227866,1.512687012255347,1
2024-06-17 22:00:00+00:00,0.14141947818287595,0.1022507397767424,0.024510249969396342,1.5980554443565405,1
2024-06-18 22:00:00+00:00,0.1415382338605847,0.10233613437654007,0.024609686697405802,1.5929540252203644,1
2024-06-19 22:00:00+00:00,0.1502130549947659,0.10245623570970816,0.02476931096955139,1.9280641009257224,1
2024-06-20 22:00:00+00:00,0.15064854062482913,0.10258402776030946,0.024934651990611286,1.9276191575730648,1
2024-06-23 22:00:00+00:00,0.15362929031486225,0.10276528156066256,0.0251390130925981,2.0233096886836828,1
2024-06-24 22:00:00+00:00,0.15450386749708522,0.10296010847835588,0.02534894322191337,2.033369145510231,1
2024-06-25 22:00:00+00:00,0.1511853812468981,0.1031875398466913,0.025523589615723197,1.8805286451808045,1
2024-06-26 22:00:00+00:00,0.14904841874328245,0.10342032048072539,0.025673446492212034,1.77724865558655,1
2024-06-27 22:00:00+00:00,0.14829891897551975,0.10364670304666146,0.02581682788865857,1.7295779373605453,1
2024-06-30 22:00:00+00:00,0.15194552121181748,0.1038689639191842,0.025990691553847478,1.8497606034463663,1
2024-07-01 22:00:00+00:00,0.15108089479992845,0.10390318725964526,0.0260473207524122,1.8112307207609497,1
2024-07-02 22:00:00+00:00,0.15919698349968395,0.1039649700443475,0.026160140893429003,2.111304127922714,1
2024-07-03 22:00:00+00:00,0.16277157233968062,0.10405043402513381,0.026317093555990503,2.231292683959025,1
2024-07-04 22:00:00+00:00,0.16221969899164063,0.10412633897994136,0.026457357830076345,2.1957355071056854,1
2024-07-07 22:00:00+00:00,0.15947195611653633,0.10415136479572082,0.026506864680193525,2.0870288503850176,1
2024-07-08 22:00:00+00:00,0.15985459420884365,0.10417475711382834,0.026553555692030443,2.0968881810328166,1
2024-07-09 22:00:00+00:00,0.15960393812237653,0.10420464305659716,0.0266118536368965,2.0817525837046538,1
2024-07-10 22:00:00+00:00,0.14901006005917147,0.10420378657234022,0.02661040231965003,1.6837879017614388,1
2024-07-11 22:00:00+00:00,0.12639268164353523,0.10411435463494281,0.02649711935423246,0.8407829813784584,0
2024-07-14 22:00:00+00:00,0.1318095117745712,0.10404931694713497,0.02640844742058889,1.0511861748371272,0
2024-07-15 22:00:00+00:00,0.1322636369729469,0.10398953954080359,0.026327017342313293,1.073957488784749,0
2024-07-16 22:00:00+00:00,0.13098390532187837,0.10393066681636529,0.026249577600324123,1.0306161461881596,0
2024-07-17 22:00:00+00:00,0.12512176336317318,0.10384855092567542,0.026150208917578435,0.8135006685624485,0
2024-07-18 22:00:00+00:00,0.127760733511365,0.10377734063671759,0.026060050290718364,0.9203126090355017,0
2024-07-21 22:00:00+00:00,0.129323165574961,0.10371661311354886,0.025982194900349392,0.9855423130964124,0
2024-07-22 22:00:00+00:00,0.12615210912345803,0.1036117816395108,0.025837189541286415,0.8723985806555709,0
2024-07-23 22:00:00+00:00,0.1275156984985322,0.10352824191919596,0.02572504433822867,0.9324554027566712,0
2024-07-24 22:00:00+00:00,0.13395647790466403,0.10346836796475749,0.02563608942562963,1.1892652359616953,0
2024-07-25 22:00:00+00:00,0.13606313024214708,0.10340325635147617,0.02553175870896406,1.2791862191304595,0
2024-07-28 22:00:00+00:00,0.13479915697236391,0.10331692207201063,0.02538768883008231,1.2400591133388026,0
2024-07-29 22:00:00+00:00,0.13479760799887622,0.10339823915826488,0.02545575293517643,1.2334881203699,0
2024-07-30 22:00:00+00:00,0.12728898215469125,0.10345009547326992,0.02549117403727298,0.9351819828527442,0
2024-07-31 22:00:00+00:00,0.14449849617713983,0.10356952621658606,0.025612903096143773,1.5979824624689247,1
2024-08-01 22:00:00+00:00,0.1587910583073649,0.10374095014730117,0.025837269553934502,2.1306472824130402,1
2024-08-04 22:00:00+00:00,0.1673943033130188,0.10400259578217823,0.026146079234851825,2.4245205929897744,1
2024-08-05 22:00:00+00:00,0.16298500754211,0.10422783106123498,0.026408466342223734,2.2249370985595585,1
2024-08-06 22:00:00+00:00,0.1741743829533356,0.10446802863229787,0.026767293349013368,2.6041614821547534,1
2024-08-07 22:00:00+00:00,0.16883329696927477,0.1046919631055863,0.02706829140027929,2.369611473261539,1
2024-08-08 22:00:00+00:00,0.16231172466086552,0.10487769737088432,0.027302363158322865,2.1036284279470143,1
2024-08-11 22:00:00+00:00,0.1607509756531296,0.10505932147526592,0.027521204940630314,2.0235906929948606,1
2024-08-12 22:00:00+00:00,0.1620014455705949,0.10525372383047746,0.02774968023122362,2.0449865103766336,1
2024-08-13 22:00:00+00:00,0.1635893517693957,0.10545556633605313,0.02798820122232118,2.0770818735924927,1
2024-08-14 22:00:00+00:00,0.17153455758274574,0.10568625545104482,0.0282918825566631,2.327462727155737,1
2024-08-15 22:00:00+00:00,0.17050010533462998,0.10590047299339891,0.028577151123097933,2.260534371077227,1
2024-08-18 22:00:00+00:00,0.16747882011377935,0.10610490038517847,0.028832539576468332,2.128633850161821,1
2024-08-19 22:00:00+00:00,0.16757631090094166,0.1063736297419965,0.02908852018285442,2.104014943840963,1
2024-08-20 22:00:00+00:00,0.1670782521765758,0.10664237996126358,0.02933521110117632,2.0601819433605093,1
2024-08-21 22:00:00+00:00,0.16198290219724362,0.10684903676976976,0.02954100204211939,1.8663505506300808,1
2024-08-22 22:00:00+00:00,0.16226167051935708,0.10705467186243003,0.029745759915370026,1.855961952695008,1
2024-08-25 22:00:00+00:00,0.16084720575910166,0.1072867485904285,0.0299365483650512,1.789132685423454,1
2024-08-26 22:00:00+00:00,0.1604798479624684,0.10752736048279979,0.03011961383375588,1.758073253260747,1
2024-08-27 22:00:00+00:00,0.15964369970083142,0.10776371458796564,0.03029414787848472,1.7125414889029305,1
2024-08-28 22:00:00+00:00,0.13793045368023418,0.10791269446773372,0.030349991312177516,0.9890533049495883,0
2024-08-29 22:00:00+00:00,0.11159555467159553,0.10796923303773844,0.03034350201798748,0.11950900168699802,0
2024-09-01 22:00:00+00:00,0.08347475096933177,0.10791873263126922,0.030373740953216228,-0.8047734949602616,0
2024-09-02 22:00:00+00:00,0.09144535619968527,0.10793850288132717,0.030361338847391214,-0.5432285698777432,0
2024-09-03 22:00:00+00:00,0.08095509270026649,0.10794706573941698,0.030353390598022688,-0.8892572627754091,0
2024-09-04 22:00:00+00:00,0.08013389978203433,0.10794643102677567,0.030353972818509104,-0.9162731814723754,0
2024-09-05 22:00:00+00:00,0.09567666744587093,0.10803204391289614,0.030288490021268235,-0.4079231568939028,0
2024-09-08 22:00:00+00:00,0.09641728441495279,0.1081168897177366,0.03022557349299211,-0.38707637112316173,0
2024-09-09 22:00:00+00:00,0.10606339767770583,0.10822611706349179,0.03016793728442692,-0.0716893357804211,0
2024-09-10 22:00:00+00:00,0.10542956379704184,0.10832857775620987,0.030114157110111124,-0.09626747806913234,0
2024-09-11 22:00:00+00:00,0.09700854404785839,0.10833102008955958,0.03011321019765313,-0.3759969783156368,0
2024-09-12 22:00:00+00:00,0.09979198881550941,0.1083540835802526,0.030104399451605698,-0.2844134053730977,0
2024-09-15 22:00:00+00:00,0.09734844937641064,0.108353976087003,0.0301044388570214,-0.3655782046914153,0
2024-09-16 22:00:00+00:00,0.09901665181359409,0.10832180288046118,0.030110090143102456,-0.30903763564449815,0
2024-09-17 22:00:00+00:00,0.09777238755818683,0.10828027724558173,0.030117422790286976,-0.3488973728118511,0
2024-09-18 22:00:00+00:00,0.11163859818448281,0.10831381503187174,0.030116434224721867,0.11039763631385813,0
2024-09-19 22:00:00+00:00,0.12260983079288068,0.10840003778669877,0.030126173478043767,0.4716760001577413,0
2024-09-22 22:00:00+00:00,0.1226552761576157,0.10848648758540722,0.030135735054594357,0.47016568690095323,0
2024-09-23 22:00:00+00:00,0.1277992947636687,0.10857758978596656,0.030159364347907395,0.6373378681316879,0
2024-09-24 22:00:00+00:00,0.1279789886179336,0.10866200830050624,0.030183866531283982,0.6399769988846971,0
2024-09-25 22:00:00+00:00,0.14306536179269466,0.10878678381699415,0.030261043666383967,1.132762582599869,0
2024-09-26 22:00:00+00:00,0.1490523703101244,0.10891268856995374,0.030362540747187333,1.32201326873111,0
2024-09-29 22:00:00+00:00,0.1642959753145209,0.109097650534451,0.030557540136377227,1.8063733053682236,1
2024-09-30 22:00:00+00:00,0.16248970671183058,0.10926954231828828,0.03073575410762043,1.731539242772222,1
2024-10-01 22:00:00+00:00,0.16027662523442954,0.10940892025353204,0.030887333002940817,1.6468791583933236,1
2024-10-02 22:00:00+00:00,0.1675238177021637,0.1095857992782155,0.031092135954704215,1.8634299846222764,1
2024-10-03 22:00:00+00:00,0.16311108674247196,0.10965612155749932,0.031193313783716925,1.7136674082019594,1
2024-10-06 22:00:00+00:00,0.16204471070720436,0.10972323611222969,0.031287997227328446,1.6722538746990994,1
2024-10-07 22:00:00+00:00,0.1577464635981876,0.10979569441041888,0.03137821323494813,1.5281548642917167,1
2024-10-08 22:00:00+00:00,0.15946795813381395,0.10986583001048476,0.03146963850085611,1.5761899559786745,1
2024-10-09 22:00:00+00:00,0.1593958289495283,0.10995810325197147,0.03158088722852336,1.5654318176629773,1
2024-10-10 22:00:00+00:00,0.1568613500481661,0.11004264864158977,0.03167805727240612,1.4779536827013313,0
2024-10-13 22:00:00+00:00,0.15668205954934264,0.11013081180223659,0.03177705923530455,1.464932528916561,0
2024-10-14 22:00:00+00:00,0.15573126302373838,0.11023191726796555,0.03188169679516718,1.4271306213121595,0
2024-10-15 22:00:00+00:00,0.15567845647324582,0.11030505472281557,0.031964950382800825,1.4194735548485014,0
2024-10-16 22:00:00+00:00,0.14832938053069242,0.11035231552928455,0.03201248420065121,1.1863204605856648,0
2024-10-17 22:00:00+00:00,0.13619960945365484,0.11034809433293691,0.032008991491085347,0.8076329155174319,0
2024-10-20 22:00:00+00:00,0.14189753022223572,0.11036582296783931,0.032025283981424034,0.984587904753197,0
2024-10-21 22:00:00+00:00,0.13771475374873654,0.11037883782451294,0.032035769221211825,0.8532935711786714,0
2024-10-22 22:00:00+00:00,0.13845016785325168,0.11040435268643874,0.03205562864162994,0.8749107833870541,0
2024-10-23 22:00:00+00:00,0.12056484902165117,0.11036972212093243,0.03203985285187954,0.31820142707430266,0
2024-10-24 22:00:00+00:00,0.11019140427342144,0.11029265223411688,0.03201673028099735,-0.003162345430243124,0
2024-10-27 23:00:00+00:00,0.09412933961784077,0.11014133706912974,0.03200259641424432,-0.5003343242538296,0
2024-10-28 23:00:00+00:00,0.0938262151317702,0.10994128432540541,0.03194611519038536,-0.5044453479741186,0
2024-10-29 23:00:00+00:00,0.10234138902270351,0.10978399255373072,0.03188526724925434,-0.23341825780686423,0
2024-10-30 23:00:00+00:00,0.0939184327302724,0.10959001865094341,0.0318322560710754,-0.49231778877624416,0
2024-10-31 23:00:00+00:00,0.09103013269811432,0.10946320953799757,0.031842327447788026,-0.5788859771669653,0
2024-11-03 23:00:00+00:00,0.09095287437252736,0.10932934260472912,0.03184897945182995,-0.576987663293742,0
2024-11-04 23:00:00+00:00,0.09107634149343373,0.10917771904722927,0.03184454657747749,-0.5684294329565991,0
2024-11-05 23:00:00+00:00,0.09183295980198238,0.10904987463938531,0.03184927191140082,-0.540574832771607,0
2024-11-06 23:00:00+00:00,0.0985667219615989,0.10894216943021527,0.031838603945870285,-0.32587633196028226,0
2024-11-07 23:00:00+00:00,0.10294301700330591,0.10878908526213944,0.031774016948756915,-0.18398895765246476,0
2024-11-10 23:00:00+00:00,0.1133837346178033,0.10870719634461092,0.0317353009754966,0.14736076638451354,0
2024-11-11 23:00:00+00:00,0.139014168387291,0.10874253635683179,0.03176417360879785,0.953011792571073,0
2024-11-12 23:00:00+00:00,0.1388709973034999,0.10883975327776871,0.031818915660670404,0.9438173301062907,0
2024-11-13 23:00:00+00:00,0.14722526916490178,0.10896493709864224,0.03190786137683453,1.199087949342696,0
2024-11-14 23:00:00+00:00,0.14575389530270141,0.10907778395326004,0.031987702193759085,1.1465691135700586,0
2024-11-17 23:00:00+00:00,0.1428382114594225,0.10918119974367066,0.032054751019025406,1.0499851237582671,0
2024-11-18 23:00:00+00:00,0.14479207386869083,0.10930486375537164,0.032131996980516636,1.1044196890357298,0
2024-11-19 23:00:00+00:00,0.14503553159350244,0.10944266066556903,0.032210689413942444,1.1050018355871323,0
2024-11-20 23:00:00+00:00,0.1446508579086757,0.10956771209659433,0.03228617544131454,1.0866305882482366,0
2024-11-21 23:00:00+00:00,0.14868450117831158,0.10971399835182065,0.032379801282743176,1.2035436068985474,0
2024-11-24 23:00:00+00:00,0.14655176641815318,0.10984965692274641,0.03246246289254703,1.1306015078675102,0
2024-11-25 23:00:00+00:00,0.147875854352039,0.11004116706439618,0.03254409775530973,1.1625667908236883,0
2024-11-26 23:00:00+00:00,0.14361007786797544,0.11021220849935325,0.03260699850543848,1.0242546354903475,0
2024-11-27 23:00:00+00:00,0.14341735715222997,0.11039758238477561,0.03266263210548643,1.01093428909264,0
2024-11-28 23:00:00+00:00,0.14615998172731964,0.11059693878254338,0.03272717890138291,1.0866516497477123,0
2024-12-01 23:00:00+00:00,0.1461893184903406,0.11079326154794933,0.032791904047033735,1.0794145070570578,0
2024-12-02 23:00:00+00:00,0.1455526362287873,0.11099371599658664,0.03284955537419822,1.0520361642198992,0
2024-12-03 23:00:00+00:00,0.14300021852509234,0.11122274633351792,0.03287078729026828,0.9667390047874654,0
2024-12-04 23:00:00+00:00,0.14236917177117392,0.11145071663266858,0.03288685518624197,0.9401462974617257,0
2024-12-05 23:00:00+00:00,0.14105036995574202,0.11175877538761347,0.03279861825571202,0.8930740417098909,0
2024-12-08 23:00:00+00:00,0.13657620177995206,0.1120343166778928,0.032713838831298615,0.750198875424521,0
2024-12-09 23:00:00+00:00,0.1074987115665862,0.11216333828973993,0.032631148355681,-0.14295012459595596,0
2024-12-10 23:00:00+00:00,0.10514599389172681,0.11229544005315571,0.03253456297324592,-0.21974926072644935,0
2024-12-11 23:00:00+00:00,0.09233939810401114,0.11235920935697438,0.032479371182748504,-0.6163854324740381,0
2024-12-12 23:00:00+00:00,0.0917862284379564,0.1124285355054947,0.032416429559511364,-0.6367853384236017,0
2024-12-15 23:00:00+00:00,0.09212537407601692,0.11249984438811297,0.03235160209519283,-0.6297824216601476,0
2024-12-16 23:00:00+00:00,0.08888055524329708,0.11255339347034203,0.032301054606268295,-0.7328812794381964,0
2024-12-17 23:00:00+00:00,0.08559194069286184,0.11259201353221711,0.03226280320548105,-0.8368793209750692,0
2024-12-18 23:00:00+00:00,0.0990447575757702,0.11269512177516026,0.032177371483979214,-0.4242224759156116,0
2024-12-19 23:00:00+00:00,0.09536144693524903,0.11277356094913935,0.03211059463357649,-0.5422544868005437,0
2024-12-22 23:00:00+00:00,0.09476878534328229,0.11286074239024237,0.03203135654057963,-0.5648201949873677,0
2024-12-23 23:00:00+00:00,0.08950793429054185,0.11292775431063017,0.03196443104140804,-0.7326837755926053,0
2024-12-26 23:00:00+00:00,0.09339896257124781,0.1129390848691162,0.03195697004574241,-0.6114510314932594,0
2024-12-29 23:00:00+00:00,0.09368019409057989,0.11294529018864428,0.03195306223638742,-0.602918617174843,0
